area_id,spatial_validation_zone,target_visual_v2
002b205a-66ef-4245-aff0-d0d208424c29,central_calabria,1
007abe55-e5c6-4770-8aa1-9a44b56118d1,north_calabria,1
0125be16-f40c-41ac-8672-9d2bd49b8330,north_calabria,1
01375f8d-1b47-4577-8fbb-267c9741fec8,north_calabria,1
0178afdd-dc28-4c5a-9db0-cf2560762c21,north_calabria,1
018750d5-285a-4767-b84b-cb57bff4f0fa,central_calabria,1
02086d64-3655-449d-93bd-158565b16409,central_calabria,1
026478dc-4dfa-43dc-baa4-1f31a24c3766,central_calabria,1
0265799f-033d-4f8f-b128-73273183574b,south_calabria,0
048533a2-7b2c-4208-a850-f45714b97e61,central_calabria,0
0651ef0e-b828-406a-947e-f6b311c8d2fe,north_calabria,1
06611573-7622-4e17-88c6-c2cdf3f6450c,central_calabria,1
06da04de-4550-495c-9e75-f936a2c36b47,north_calabria,1
0732c236-15e5-45ab-a8b8-1401bb532ae8,north_calabria,1
0748a84b-5fc8-4728-a099-572f6b022b72,north_calabria,1
0752391a-d005-4a34-8c37-38d287dfbced,central_calabria,1
077a22c8-0019-400b-9000-1f39cc5d0b39,north_calabria,1
07be58b6-ef77-4aae-9631-45856f71660d,north_calabria,1
08366a19-b37b-465d-bde3-e6db3b02da99,south_calabria,1
08e8a819-3549-44ed-8071-106f8f81c62e,central_calabria,0
09a49418-d48b-40a9-abb6-8f0da5637e75,north_calabria,1
0a7d3c16-632d-4000-a848-91ea92007318,north_calabria,0
0b877e85-da03-4389-a9d0-3dfad92cc4a3,north_calabria,0
0c3ef04e-773b-432e-98de-dfda0db083c6,north_calabria,1
0ce42e15-7610-4c07-93ab-196599648b1c,south_calabria,0
0d70d971-b04e-4c14-8f58-96d3af297c10,north_calabria,1
0fdd8d0b-58b4-48b4-91f2-f50da34f6667,central_calabria,1
10043020-6379-40ee-b6fb-50cba1f39c71,north_calabria,1
1084cbf8-b18a-4e34-a7c5-a824e63a55e1,north_calabria,1
10c43020-8cd0-41d5-ad2f-c887e5806535,north_calabria,1
11553afb-2509-432d-aa21-5c1185c9c4a3,north_calabria,1
12acd1cf-dd01-453b-afb8-aebeffae6577,north_calabria,1
12b6180d-8658-475c-aa42-d625675fe821,south_calabria,0
1385529a-1392-436d-9ac0-02421c7c3729,north_calabria,1
14b011ae-c028-4515-82b2-cd39996d7a33,north_calabria,1
156c4f03-a080-456f-a61e-7f322628ebac,north_calabria,1
166368a4-21e1-422f-98f6-3f9f651a8e36,north_calabria,1
17291e32-3365-4f35-8ca4-4734c10f3cca,north_calabria,1
1798faf7-64d0-43a6-af40-afc3b261419c,south_calabria,1
18335feb-4f5d-4c38-83b4-6d548893cc1d,central_calabria,0
18e2d9e8-6f8e-43c4-9542-0f63b3729bd2,north_calabria,1
1a598ff1-1141-4d45-a696-00ecc9d2eb25,north_calabria,1
1caad9e5-3cdc-4531-8b8f-f731e92fa6bf,north_calabria,0
1cc02c24-7700-4eb8-a8a0-20446c75380c,central_calabria,1
1ccaf99d-d14a-4094-87f1-c25730f927d8,north_calabria,1
1dae1cc8-9433-4596-9783-b0603717dba7,north_calabria,1
1f65d9d2-af2b-4f2c-94e8-28edff449ec0,north_calabria,1
208f5adc-6851-4b9a-8ddb-0c15e4c76e8c,north_calabria,1
2189620a-40ad-4c2a-977a-096eec44a72b,central_calabria,1
21e256cc-0696-454f-a6f9-1002dca171d1,south_calabria,1
2382ef96-5c32-427e-afaa-2fb95e3feaae,north_calabria,1
23cc46eb-3a72-43f5-ae70-4c4b630362b9,central_calabria,1
23d6058a-60a2-4fa1-a608-c0e81561ad4f,north_calabria,0
23fd7b49-5f72-43c7-b44b-efdc9c82720f,north_calabria,1
2414161d-5772-42b3-9636-8e5558d985f2,south_calabria,0
25468458-e458-4620-a513-b5125d0a1c00,north_calabria,1
25b193c3-7321-4092-92d5-0d9ac46bbcab,north_calabria,1
25dc774a-34ae-48d7-ab92-caf34852d21b,north_calabria,1
2601d7fa-8731-4d9a-9d7a-5e6acf047687,south_calabria,1
27ba227f-9253-491d-8581-7751d3ad79a7,central_calabria,1
286a95e9-206b-4925-8304-21182e129a45,north_calabria,1
293587f3-cf98-4e78-a782-cac355237d88,north_calabria,1
29993089-3877-4657-86e5-2988e5a10017,north_calabria,0
29a6b1ed-7f6b-4df2-a13f-9d53daa4a49e,south_calabria,1
2b881276-810d-472c-922d-6a8af80f10a9,central_calabria,1
2d07dccd-ec34-41b3-acd8-9f34f31d3f46,north_calabria,0
2dbaefcf-ec49-4c81-9bb3-d0a33360de7a,north_calabria,1
2fe533aa-a325-4ce8-96d4-01412b32ef1d,north_calabria,1
314897f6-b485-47d7-8275-42a8420ffdc3,central_calabria,1
319434f5-fa02-4152-9f7a-84e9b2751b7e,central_calabria,1
3254fd56-4a43-438c-af85-d01b3d630793,north_calabria,0
325c910c-85ba-4274-a12d-2347def792c0,central_calabria,1
328836a8-9f62-4cad-9f37-9b5731177279,south_calabria,1
33128212-182b-4dee-9028-69d453e644ca,north_calabria,1
33519d66-3bd6-4946-b405-933736b7c5b5,central_calabria,1
33e1f332-2116-4cdf-a683-57894654f7c8,central_calabria,1
353900eb-844b-4f8a-9344-3210e5c02b65,north_calabria,1
35db8036-f229-4454-adcb-66d5ae3d75b7,central_calabria,1
37499c57-799b-407f-8533-dacd612d339d,south_calabria,1
380889f9-3710-4693-b0cf-c3e2658c5ade,central_calabria,1
380a008b-755b-499f-b0cb-905f79a86106,north_calabria,0
38ed5b18-1453-46fa-89c0-9d00e74cdfc0,central_calabria,1
3a1e4cb8-6e0f-4ca8-b78a-afa54373698c,central_calabria,1
3ad21c01-982e-4a6f-aaf8-3504c6640519,central_calabria,1
3af5b248-6783-4142-b9c2-9e1ce8b9fba7,north_calabria,1
3c83ff0e-8a32-46ff-96b7-eb031d477178,north_calabria,1
3cecd09e-14e4-4291-92f0-929f6d8f09e6,north_calabria,1
3d0fa030-ee0c-440d-b274-efc176c8288b,central_calabria,1
3dbe93ca-70dd-4611-a34f-9d80e27a636a,south_calabria,0
3dddcf51-365c-4ab4-b911-1ea05f2fa911,north_calabria,1
3efc03cb-1709-441c-abde-6325b026fa7b,central_calabria,1
3f325802-20ec-46e8-b0be-fc65ce515648,north_calabria,1
40292ea6-7755-4f97-8e8c-9346562dc6e7,north_calabria,1
407b6fa5-47fe-40cf-b49d-278d5b55c65a,central_calabria,0
40fc9618-d1f4-4c59-9e20-d75132070004,central_calabria,0
41280d99-1993-4f8f-94ec-15749c438a22,central_calabria,1
41721387-75f4-40cd-ae48-ee1cf3f90d92,north_calabria,1
41853a20-633c-43ee-9d60-18d8803c09ba,south_calabria,0
4351489a-9018-4259-b4bc-346c31c18754,north_calabria,1
43f09e2d-95e5-47f6-8f2a-88f367506cfb,north_calabria,1
445906b8-9da2-44ec-82dd-e264d6e060de,south_calabria,1
44aa22d9-54e4-4ac9-b75b-64ddaccdfc5c,north_calabria,1
44b37f6e-6824-433b-9ff9-77b2fae9b25a,central_calabria,1
4518b2a7-3341-40d5-8b93-720efe4f5af7,north_calabria,1
466946c4-5b48-4854-8863-f240946db251,north_calabria,1
47069a53-e55c-4ff5-8e61-a0da4949e717,north_calabria,1
47d546f6-c454-492a-9571-8c0e8643d68c,north_calabria,0
4854bcbc-b691-4c26-8ea2-427e2555da38,south_calabria,1
48ea0a34-f761-4e5c-8594-20254bb45239,south_calabria,1
4947de30-f503-4058-9db3-e74e33aaf7b6,north_calabria,0
49d298d1-8946-4ed9-b400-c13295ce0a06,north_calabria,1
4a8854f3-5208-4457-96ec-2da6277c2686,central_calabria,0
4b0713bc-bcbb-4c1d-bbb2-25771826c156,north_calabria,0
4b48dc69-2361-49b7-a1be-93f05a6feed0,north_calabria,1
4b5b5951-5f78-4e4c-a3f7-8957955eb401,north_calabria,1
4c3544d7-edfd-4ef2-96d3-08fd57b82df2,north_calabria,1
4d3d8189-846d-4636-9f95-4da9ea3ddaf3,north_calabria,1
4e7bb0b4-4f7e-44e0-9520-84f4c6220d18,central_calabria,0
4e97640b-dcc7-4220-ba74-b335ee19b7e7,south_calabria,0
4f8794fd-2765-405c-8191-97e44205b5d8,central_calabria,1
4fa67ebf-9b3f-4f7c-aef8-4906111b2950,south_calabria,1
5037df75-c1a7-443e-8d0e-359cb7e0dea2,north_calabria,0
51ddaeba-bcb5-4ba1-9555-294b3e47229d,south_calabria,1
522b3ace-ffbc-4189-855c-4e38f7e1c0e8,north_calabria,1
528b5405-4d84-4bd9-bbfe-3c214f061701,north_calabria,0
52abf8a6-edc5-4dbd-9cb5-e2342c03a182,north_calabria,0
52af5ab2-0b9e-4f94-930c-209d9e8e5c66,central_calabria,1
540db45a-6e4f-41bc-b43e-74cc6671dcf7,north_calabria,1
540e37ec-4c18-488a-8ff9-b27792319dea,north_calabria,1
568b32de-d4d1-4a7f-829b-6fcd0c1f5da5,central_calabria,1
57429120-2943-47e3-b537-51a53a80bd7e,north_calabria,0
5767a739-1a36-480b-91b5-33560f263ecb,north_calabria,1
57dd2517-feb6-4320-9be4-07cfcbe88788,north_calabria,1
58397a42-9e87-4e0f-911e-3e07dd5e286b,north_calabria,1
58f91fa1-e590-42a3-947a-d014071eb8d1,central_calabria,1
5a443163-b947-4d8b-abb8-607c3de64f65,north_calabria,1
5d2da25a-6e59-40ec-8683-eddfc2c8593e,north_calabria,0
5e582a71-2639-4fd9-9e4f-d6bee4944d5a,south_calabria,1
5ef514b7-16ef-4dfa-93f4-cb95921e4bad,north_calabria,0
5fb33722-941e-4414-b660-41dae7c799d0,north_calabria,1
6010f5ea-4e98-4b6c-89cf-795a2972d572,north_calabria,1
60f32136-c60e-4193-a042-e4875dd39cd9,central_calabria,0
616aa639-ebe0-47d0-953e-f93292e7e6a4,north_calabria,1
6186b338-eff2-48df-8bc0-bf22e17bd285,central_calabria,1
61f3e2a3-ff74-417f-a5f7-34f41ecb92b7,north_calabria,1
62504f68-5101-45dd-b089-a689bd5a8f39,north_calabria,0
628b71bd-3e00-4674-91a5-83d029a5dc6c,north_calabria,1
6290bcc7-8822-4fbd-9a3e-359c48042e43,north_calabria,1
62c0e54f-a75c-4336-9b09-22a85271ce7a,north_calabria,1
6361a398-edfb-44d8-87d0-890e5831efe8,north_calabria,1
64542385-492d-46a4-b453-71de46738c92,central_calabria,1
64d40ec6-5a34-42b8-8554-b6fa5decb176,central_calabria,1
654ca8d8-8f8c-4145-867b-f9b1fbb9a800,north_calabria,1
65b4abd5-f277-42dd-84b5-a21aba38ce6a,north_calabria,1
65f57ee2-d28a-4c9d-8b22-39209787915b,north_calabria,1
66144fe3-4232-4714-9dff-c46f5e3c099e,north_calabria,1
666d1cf0-b4b4-42a3-90a5-b81e71c94f32,north_calabria,1
67094e79-5155-4900-a2aa-8fdb6c61c030,central_calabria,1
6785a1e4-2104-4586-88ac-308cc9e13c1f,north_calabria,0
683d1bde-a5c3-4a38-b531-b65a186db838,north_calabria,0
6851ed58-e41f-41ef-ac05-4bd21e647e0e,north_calabria,1
695afdee-94b2-4382-97a0-d62d8fe31a43,central_calabria,1
6990286b-a934-43a5-959c-8e9d5b516c98,central_calabria,1
69ccee85-078f-42d2-8f2e-ed32086741c3,north_calabria,0
69e1438b-c7d3-4345-ace2-bf38a9d28503,central_calabria,1
6a0c0b44-ff05-4dce-b2ac-16649ab61c3d,central_calabria,1
6a9bba3d-26a1-41ab-9a75-6591f1a2f304,south_calabria,1
6b350121-eb41-48b9-b404-2c0eacb8e16f,central_calabria,1
6c5bf88a-b372-4589-9759-765268d97cc5,north_calabria,1
6c5d511f-9f02-476b-a1c0-7927da590e7f,north_calabria,1
6ca904bf-1821-4dc8-878d-1bbefe10387a,south_calabria,1
6f9d8733-b651-4876-bc56-2e695e15f180,north_calabria,1
703c3196-cb73-449b-a423-74c7b3269604,north_calabria,0
704ada79-3add-4f92-8154-bf059d1616f9,south_calabria,1
70595d37-a931-4a8f-876d-5e9b17e31b19,north_calabria,1
708f42b5-7ca0-48b3-afae-cecfa0bc8baf,north_calabria,1
70919431-0788-4358-b6c7-2609f1053937,central_calabria,0
70a7cd21-9650-4dbb-9c9f-5bd66f8056c3,central_calabria,1
70adbf10-18c8-4c4f-b143-0d1be2aa2733,north_calabria,0
70f5b4ba-f5f3-4a78-98eb-1afd97217566,north_calabria,1
719c17be-1fe1-49cf-9a9e-8cf0e5fb4fa3,south_calabria,1
71b30008-50e2-4e98-bde7-b64ef5bf8c5a,north_calabria,1
7252e5b1-69af-4762-99dd-fccff33e4904,central_calabria,1
726a1946-8152-406e-8e36-9d73a3ed0371,north_calabria,0
72a4e182-4e40-47af-b73b-dc29411cf8e9,south_calabria,1
73752309-9a70-4ee7-9cc1-d8bd33330ede,south_calabria,1
7450549a-5f95-4b9b-b230-e953fd447591,north_calabria,1
766bfa3d-19b3-48c3-8b26-ec93967da0d7,north_calabria,1
7852a9e9-3a5a-474e-ac44-f258f111a45e,north_calabria,1
78c51236-c752-44bd-a650-1218f7d427b2,north_calabria,1
78fa3fea-5372-412a-bf86-17f0caf22d17,north_calabria,1
7b92f856-4a89-439b-9f50-423993f88d67,central_calabria,1
7c1f2d99-8673-4904-a5d2-054f03ea9cb5,north_calabria,0
7f8bee06-88a0-4032-b52d-599d865dc959,north_calabria,1
802e9b17-1386-4f77-ae08-c78923d88f86,north_calabria,1
834c8845-e28e-4085-97d9-2711175e715d,central_calabria,1
842cf29f-b5d8-44c5-a76b-60586d361512,north_calabria,0
84c4cf6a-2dc4-4be8-a64d-a699c74b54ef,north_calabria,1
859f7ff4-4b97-4522-959c-7a7e9f9ea8ba,north_calabria,0
865c847a-2cd3-46f5-b780-51206cb56a7b,north_calabria,0
874750df-a4f7-4bd3-ade2-2f9b44fd0936,central_calabria,1
877127cc-cf5c-4e77-bb6f-6cd92c61a6ab,north_calabria,1
8990bcdb-4f6f-45a1-a206-d8e0dca436f4,south_calabria,0
8afdfe88-df3a-4cf3-a620-0d88824cad1a,north_calabria,1
8d910ba5-2704-451f-ac69-ae436abe4552,central_calabria,1
8dd720ca-7ef2-4a42-a907-9e50e3a89b78,north_calabria,1
8de06204-8f30-43c0-8288-3245cb515c58,central_calabria,1
8e7518fc-9c42-4ea5-9c23-753ab43da34d,north_calabria,1
8f4f4186-b95a-4b02-b877-169bed0d37eb,south_calabria,1
8fa153fe-f2c9-4636-91d8-e695b8b2ce5e,north_calabria,1
8fcad545-f67c-4444-868f-222152578be1,north_calabria,0
91559072-f10a-4fb0-a920-35da4cb5cbe3,north_calabria,1
93885e13-ec14-44b5-bdae-9390be5f4219,north_calabria,1
957e4b55-0826-41e9-85d2-a9c01aa7e40e,north_calabria,1
9586c79a-3114-4af5-b599-ef0046f945b2,central_calabria,1
95fb236b-d4fc-4957-a784-958617f071bb,central_calabria,1
962f5054-7f10-4775-9bbb-b6cb21d8cd66,central_calabria,1
9695e0c3-7854-48f0-b91b-de4170c89121,north_calabria,1
96969f64-f510-4f61-be7b-02fd48ec8f62,south_calabria,0
96b2c730-6a7f-462f-901a-6193f23d6dd3,south_calabria,1
96c7776e-f064-427f-9235-64aad9297372,north_calabria,1
96e7867e-b736-4eb0-ab3b-2c940d9f915e,north_calabria,0
979178c7-02ee-47cf-a7d6-209464f6e28c,north_calabria,1
987eb6e5-f160-43eb-a2de-42c1cc49c979,central_calabria,1
99244ff7-3f7a-453f-a95c-cfc3642d8512,north_calabria,1
9973e792-6cfb-4fc4-ae5b-77ed77e28a23,north_calabria,1
9a08f338-717e-4938-bcbf-972731607099,north_calabria,1
9a532a00-2a28-42ae-8848-fd05412e9800,south_calabria,1
9a9db2db-6424-43d2-8505-3cc1848e2f93,north_calabria,1
9b08ca1f-9ff0-4317-9d8f-d81da5dbf94e,central_calabria,0
9c7a7513-57ee-475c-8dfe-8d191346776e,north_calabria,1
9cc9f9c8-580c-4d62-815a-52c317f78356,north_calabria,1
9d875ecc-a441-4815-b201-adcc0b09c4de,central_calabria,0
9d971bf2-95a7-4301-976f-8f2e82c68255,central_calabria,1
9e64ceeb-8a77-4d98-b02f-62e4ed18d5bb,south_calabria,0
9f2bd7ed-ff83-47ac-bfe8-d6ee9881caf9,north_calabria,1
9f52ef20-43a0-4317-8261-106c60401b46,north_calabria,1
9f631d74-d0b1-46f3-9263-cfaeef2a39d9,north_calabria,1
9f80206c-2d6c-4c7c-8617-04b871e9d633,north_calabria,0
9fa83047-2f86-4b8c-8783-d1c70254335f,north_calabria,1
a1224f1a-2282-414e-ad9c-0e196da6ed65,north_calabria,1
a12b9fb2-3d04-477b-a3c2-472a96fee8d0,central_calabria,1
a131c4aa-d996-4566-900b-2010212c1534,north_calabria,1
a28481aa-6f9e-498e-92e3-1f6f0402f8c6,central_calabria,1
a29a8a51-5e67-429c-b788-179ef6e8621d,north_calabria,1
a31d6ff4-7b78-4d7c-b2a4-7ade7c149a95,central_calabria,0
a32fa40f-1ea0-4454-940c-f0dd8d1d6c39,north_calabria,1
a539464f-adf6-4b3c-9c02-badd36600851,central_calabria,1
a6ffe262-54f7-4081-a546-94eb1c5ba27c,central_calabria,1
a71f3906-d07f-4b34-bca5-4eb5fd61256c,south_calabria,1
a72b1053-9fe7-4ef1-b39d-cbc70448fe9b,north_calabria,1
a849ac36-6d69-4b73-b8be-c50efdef9637,central_calabria,1
a8f35e4c-f66e-4b7f-85a5-717cef058ee5,north_calabria,1
a94547ee-1f33-4fb7-844b-410d7eaa72ef,north_calabria,0
aa40a674-2e73-4f9e-a95a-a33774a44093,north_calabria,1
aa69dc98-9130-4971-ae9b-91fb5718e3dc,north_calabria,0
aa873def-de9a-4c48-9bd9-dbcc64c3d434,north_calabria,1
aa973cbf-933d-4f92-a0bd-556eb41274b5,south_calabria,0
aafefe00-0ac4-45e8-9968-f0ff9448e0f2,north_calabria,1
ab616ee7-1423-470e-8ec2-0e6096518011,north_calabria,1
ab8b74f1-aa18-422a-827d-44eefd01b2e8,central_calabria,1
acf6f595-5139-4b76-ab28-b5a864e0f41f,north_calabria,1
acff0d3f-94b2-4f7d-a01f-7365a0d9c2ba,south_calabria,1
ad4c6519-5da8-4b7b-a7c4-f54463229092,north_calabria,1
afdc270f-1f2f-4cd2-9bf9-ef5d6356b109,north_calabria,0
aff9b927-4df9-4db5-a7d8-204282dc0442,north_calabria,0
b0bef4b1-59ae-41f4-8662-8aee92560c24,central_calabria,1
b0e1c106-ec2e-416f-a65b-08a4124a0769,north_calabria,1
b100b4af-3cd4-4281-8e00-23836e4bb0c2,central_calabria,1
b1789587-5b2f-4183-8766-1ff749d9f4e0,north_calabria,1
b26a3a0b-2742-45b7-8cf7-94457d227e98,north_calabria,1
b2c8612f-91d2-46fc-9074-133c2c48c499,north_calabria,1
b34c8637-c05a-4874-b100-e5678bfa61fc,north_calabria,1
b403791c-f415-4f93-a283-4a42348cc884,central_calabria,1
b429426c-78e9-4195-8107-28ac93dc95ef,north_calabria,0
b4ebfa59-660d-41d9-b44d-8f35d353c8c4,south_calabria,1
b5384a2e-fe82-4fcf-a7df-032c096860ee,north_calabria,0
b562c8ba-78e2-4961-94f2-ba1751235f26,south_calabria,0
b59afa5f-8122-4850-87a0-7e123a951688,north_calabria,0
b610ec08-6416-4812-9e6b-1fbb2b84b6e3,north_calabria,1
b62a8fc4-17bc-4b90-abe6-975e87963dc6,north_calabria,1
b63e283a-af95-43c2-9658-00391011628d,north_calabria,1
b76c53ef-8cba-4f1d-b58e-9f9cfe600ae0,north_calabria,1
b8d127d2-b0e8-4647-974a-043fb45bd0bb,north_calabria,0
b9283d12-368c-4cfd-9d70-ad09219dccff,central_calabria,1
b95ca791-e41f-48c7-be35-7a3fcd83a366,north_calabria,1
ba24e946-3224-458f-bfcc-73c50116aff7,north_calabria,1
ba491d00-0443-433e-9794-47c5a2d9b298,north_calabria,1
bac558ba-1b7b-45b8-8b7c-051aa1b8d731,south_calabria,1
bae68644-7473-4023-a420-1087d388429a,central_calabria,1
bb47584f-0e12-4ef7-a19b-4d232e72b7e9,north_calabria,0
bc39d7aa-5747-447a-95d0-39dca5b36829,north_calabria,1
bc3c4e4c-5bd4-4752-9499-cef599ca7fc3,north_calabria,1
bcc12f4c-190e-4aae-a69a-007cc8c3f423,north_calabria,1
bd84daa4-bb3c-4a5e-9182-1f14224b9e30,north_calabria,1
be4b9101-295d-4067-a7fa-c376e4967524,north_calabria,1
bef24b6d-8fca-4974-b35c-a6fb15e0ee02,north_calabria,1
bf430b5f-dec6-4c64-a93e-a3f994f67a19,north_calabria,1
bfdd5d20-8bdc-42ad-8dde-ffb9800c4852,north_calabria,1
c05b1454-43e1-4df2-b82a-8333613732d9,north_calabria,0
c10a885b-8af8-4f83-8593-7b96b5841ffd,north_calabria,1
c25e2445-db4b-415e-9d06-9651e5511705,north_calabria,1
c3c90121-6715-42c6-90f0-991cef731f26,north_calabria,0
c6773848-af01-47ee-89f2-5aea394ef2df,north_calabria,1
c72941a3-dc5f-4bd2-b83c-821ad895b90d,north_calabria,1
c7ca7365-b7b5-4244-b8d6-eef45842dee4,north_calabria,0
c8004074-d794-4937-8a51-7d4df78c55be,south_calabria,1
c821c208-d055-4990-b43e-a02a7e7c95b3,north_calabria,1
c880448d-4946-4792-8f22-15bdc72d4224,north_calabria,1
c89ce338-60b3-40e1-a14d-f118aa9b949c,north_calabria,1
cae37c5a-d739-4056-b566-9d4c0dfbab92,central_calabria,1
cb098c94-9e0c-4efd-9fdf-e072bdbf799e,central_calabria,1
cb652ebb-5e9f-42f9-a97a-5956ec2cab7c,central_calabria,1
cca25d56-750b-475a-833d-a8be0d425c2a,north_calabria,1
cd3ec7df-fced-4dfb-ad06-094c65770782,north_calabria,1
cd7618b2-e0c3-4e36-84d0-bab75b172a09,north_calabria,0
ce1d4a2a-5f31-4ac0-a2b6-91a606ddd2b1,north_calabria,1
ce3b116f-a84a-43d0-8b26-6986d001c4a6,north_calabria,1
ce62d29c-d19f-49ca-a69b-bf8375300ab8,central_calabria,1
ce6fc4d0-9e9f-4e49-bd11-35d27b7892fe,central_calabria,1
d00f4b52-dd1a-4a88-ab34-433baf10e6bc,north_calabria,1
d04fc3d9-e103-48e5-ac84-acb37ff7e23b,central_calabria,1
d07199dd-43a6-4336-8eb9-156d48417701,north_calabria,1
d11166b9-8885-4dfe-a3a6-f12852fe41ba,north_calabria,0
d11b74c7-0707-4609-9e17-5370835a8434,central_calabria,1
d194620e-7f10-4163-b055-c5861c64427c,north_calabria,1
d213ebef-79cd-4c88-89d8-09276018d836,central_calabria,0
d2383140-0843-4e07-b70c-f4accc9159a7,north_calabria,0
d23e6bcd-12be-4847-ae22-835bacf10787,north_calabria,1
d2f24500-65cd-42f0-80a5-c2ea866bd9de,south_calabria,1
d3477389-7d24-4796-ac3c-0deba52b5dd1,north_calabria,1
d4a2bba7-2777-47df-8d2c-5cf093093e9e,north_calabria,1
d50cdff3-1ac0-46ba-a31f-b45eca251ed2,north_calabria,1
d580fabe-7af8-4733-bda7-a855966d163e,north_calabria,0
d640aa56-1b42-4a72-9335-7b5b23c6cf82,north_calabria,1
d66eb470-eaee-45a7-b109-29fdfd333c61,north_calabria,1
d67caef6-700f-4655-93fc-85bdcf49694a,north_calabria,1
d6996345-a922-452a-9c41-636c696864e0,north_calabria,1
d6fb84e3-b184-4417-b140-23637d276e71,north_calabria,1
d7d5c207-c390-4ca1-a593-8896d60af80d,north_calabria,1
d94001e3-f949-4b70-b12f-8250fae9236d,north_calabria,1
d96ed53d-8b4b-45b3-b436-9ab24b3bcb29,north_calabria,1
da355dd0-92ed-4741-9339-8cfa06920199,central_calabria,0
dc0ee0db-fbd2-4f3f-9f44-eb7e9e635af2,north_calabria,1
dc930272-b3e9-4d3b-8cf5-8d8b471de1bb,north_calabria,1
dd59b1a1-96b9-424a-9f3d-48d56dd4fb7e,south_calabria,1
de47aae7-2161-485e-b5f8-244d040e6bf5,north_calabria,1
df2611ec-8650-4051-9b7e-f345a5cf8b09,central_calabria,1
dfa634d7-439a-4b2b-8f40-681bbeb3e8b2,central_calabria,1
e0c72bc8-feef-4e3f-83db-74909b340a55,north_calabria,1
e0e94705-5261-4a27-a95b-458eb087231d,south_calabria,1
e219b958-05d2-498a-850a-3f055f1f3c57,north_calabria,0
e383adfd-6a9f-4360-a0ea-c40669b68b8c,north_calabria,1
e385fb32-0936-4167-a3c0-34158f90c289,north_calabria,1
e46727bc-af30-4386-a1b3-722be9bd7972,north_calabria,1
e5d216dc-f861-4914-b410-6918a6e5d0f7,south_calabria,0
e61f659a-e5e0-4c12-b9d3-44626980afe7,south_calabria,0
e7602f95-abd5-4c86-8585-8c221da829be,central_calabria,1
e7cf290a-c0a9-4445-a655-beaf8c58141f,north_calabria,1
e81d287e-8b06-4782-91ac-9d7c74e701bc,central_calabria,1
ea61c138-c377-444a-b669-c39d84e87350,central_calabria,1
eb6674e7-c655-48dd-b200-7f58d3ce2b9e,north_calabria,1
eb975401-cb68-420d-97ae-0c6174d7ca47,south_calabria,1
ecc27547-8ab6-4724-8b86-b877b3957f93,central_calabria,1
ecec9225-22ec-4738-b0f5-a8031439cee2,north_calabria,0
ee661ac0-e1b6-47d3-87ec-f86f7a6cc806,north_calabria,0
ee92ad4f-5c0a-4143-8a89-d881e09b6a55,south_calabria,1
ef1b2d1d-08ae-4d39-8e19-897bcc66e9bd,north_calabria,0
ef355117-1784-4646-8889-84be3f43b197,north_calabria,0
efc35763-b4fd-499f-8ede-a7a97c0abe44,north_calabria,1
f0389b55-898a-43ac-ad18-89d9c96b443e,north_calabria,1
f03ebfdd-7cf1-40d0-8f06-40a87fb7e37e,north_calabria,1
f0b7311b-9105-4887-b0a7-ea6782153bf1,north_calabria,1
f17f4011-1117-4400-bebc-d1e52e454c42,north_calabria,1
f2c013ae-0e7c-4c72-be43-6bf679a6466c,north_calabria,0
f2d9b38a-668a-45b5-ac3d-211789791177,north_calabria,1
f41427d4-2eec-4342-afda-f7b91abfecf6,central_calabria,1
f4a59980-311d-420c-8b0f-03cf981eef29,north_calabria,1
f547f146-4f35-4210-8586-3b2beaf81c91,north_calabria,1
f58490a2-7378-4d59-a9a4-bdb9fbb53799,south_calabria,1
f5b5b142-51cf-422c-be5d-bb1030b5104b,central_calabria,1
f5d86fe6-a377-4662-8f14-3bd8af2f89c7,north_calabria,1
f5e5405b-f597-49bc-b637-55a01e6ffb1c,north_calabria,1
f64a6be1-9f15-4d73-9312-68e5bdbdbaa3,north_calabria,1
f6c4d039-3988-45e6-9dc3-ac217589d3ad,north_calabria,1
f6fa973e-5556-4747-9eda-8d06b220a4c3,north_calabria,1
f73ebccc-8d45-4b85-9c05-0054797b49cf,north_calabria,1
f74340c1-e9c0-4ca8-bba7-23dc781ba445,north_calabria,0
f7d8cb46-3200-420a-bf30-a1d79e8cd8c1,north_calabria,1
f8f7c51a-bfa8-4451-ad86-2e563151aadd,south_calabria,1
f97be8f0-b9fd-4bea-8f5a-45f57bf2bc3e,central_calabria,0
f9c3a864-b06d-436a-bb5e-3c69a7f838b6,central_calabria,0
fa5d6b92-589f-481c-90a4-e9ead4701bf9,north_calabria,1
fa68a229-21b9-4fc5-b637-77d1bc914ba9,north_calabria,1
fb66c21b-51dd-4070-8a85-beb5ac43ee67,north_calabria,1
fbc95eca-e780-49e2-9135-a07bfe4a75a7,north_calabria,0
fbcbbe83-5fc0-4da4-8a51-dc723b489103,central_calabria,0
fc35308f-5965-4589-b9eb-df4515261f48,north_calabria,1
fc593a03-e948-466a-afb7-5dcbdfebba29,north_calabria,1
fca36657-c68b-4dcc-9f7b-7ade95d71b27,north_calabria,1
fd3319c8-a309-4069-8462-ee3042def336,north_calabria,1
fe45959a-5ccc-43cd-8250-128ab0bb32d5,north_calabria,1
fe6a8187-c57c-43bc-960d-c41ca547bde7,north_calabria,1
fe98d1d6-4510-4949-8ebf-5b9be631b077,north_calabria,1
ff24a594-7284-4fff-8911-b7ab9f68bfb0,north_calabria,1
ff29589f-3103-4277-b455-f478488dc77c,central_calabria,0
