review_batch,area_id,spatial_validation_zone,candidate_origin,experimental_reliability_score_v3,experimental_reliability_class_v3,experimental_reliability_label_v3,area_ha_raw,area_bin_raw,n_points,n_parts,n_points_bin,n_parts_bin,current_high_confidence_v2,identity_reference_match,strict_reference_match,large_polygon_flag,small_candidate_flag,complex_boundary_flag,reliability_model_version,reliability_model_status
very_high_top,4b31bdff-e0e2-423e-b5fa-66352b1e6798,north_calabria,added_candidate,0.9999999999984226,very_high,Affidabilità molto alta diagnostica,553.2140424127645,ge_5_00_ha,24839,1,gt_250,singlepart,False,False,False,True,False,True,regional_reliability_score_exp_v3,experimental
very_high_top,a4bdb586-60d7-44fe-9ee6-f74042649b8d,north_calabria,added_candidate,0.9999999999634261,very_high,Affidabilità molto alta diagnostica,494.81771431614004,ge_5_00_ha,20828,1,gt_250,singlepart,False,False,False,True,False,True,regional_reliability_score_exp_v3,experimental
very_high_top,ef3e84ce-35c7-4d75-b48e-ce848bd28e41,south_calabria,added_candidate,0.999999999910467,very_high,Affidabilità molto alta diagnostica,643.9347313819233,ge_5_00_ha,9423,1,gt_250,singlepart,False,False,False,True,False,True,regional_reliability_score_exp_v3,experimental
very_high_top,335afe93-0a0d-4d7c-8fb3-34f661668365,north_calabria,added_candidate,0.9999999982298735,very_high,Affidabilità molto alta diagnostica,378.1014608880129,ge_5_00_ha,19088,1,gt_250,singlepart,False,False,False,True,False,True,regional_reliability_score_exp_v3,experimental
very_high_top,9a6f9057-80f2-47e7-8645-d9794d6cd87b,north_calabria,added_candidate,0.9999999981326213,very_high,Affidabilità molto alta diagnostica,420.8210921621632,ge_5_00_ha,14869,1,gt_250,singlepart,False,False,False,True,False,True,regional_reliability_score_exp_v3,experimental
very_high_top,74e64fda-95b0-4d26-a742-ad91703fb2cc,central_calabria,added_candidate,0.9999999764280095,very_high,Affidabilità molto alta diagnostica,512.5705595890583,ge_5_00_ha,4030,1,gt_250,singlepart,False,False,False,True,False,True,regional_reliability_score_exp_v3,experimental
very_high_top,3c440b13-40f1-4142-ab6e-5e18d57d1b6d,south_calabria,added_candidate,0.9999999679815504,very_high,Affidabilità molto alta diagnostica,464.69457345555725,ge_5_00_ha,6196,1,gt_250,singlepart,False,False,False,True,False,True,regional_reliability_score_exp_v3,experimental
very_high_top,dd07b8f4-390c-4875-ab2f-437c44689988,south_calabria,added_candidate,0.9999999672286572,very_high,Affidabilità molto alta diagnostica,478.0768489787274,ge_5_00_ha,6445,1,gt_250,singlepart,False,False,False,True,False,True,regional_reliability_score_exp_v3,experimental
very_high_top,1d2da199-741a-4e68-8b74-8af499713f88,central_calabria,added_candidate,0.9999999460216935,very_high,Affidabilità molto alta diagnostica,473.3296340256325,ge_5_00_ha,5109,1,gt_250,singlepart,False,False,False,True,False,True,regional_reliability_score_exp_v3,experimental
very_high_top,4911bdb6-59c3-4713-8394-5b87a5750bf4,south_calabria,added_candidate,0.9999999070769674,very_high,Affidabilità molto alta diagnostica,558.5454378887466,ge_5_00_ha,3024,1,gt_250,singlepart,False,False,False,True,False,True,regional_reliability_score_exp_v3,experimental
very_high_top,ef64acfd-c184-4f64-8004-afa070dc6d66,central_calabria,added_candidate,0.9999997289073819,very_high,Affidabilità molto alta diagnostica,257.7244542785955,ge_5_00_ha,15218,1,gt_250,singlepart,False,False,False,True,False,True,regional_reliability_score_exp_v3,experimental
very_high_top,bee340f6-b495-4473-bbb6-7beae3b6ff40,north_calabria,added_candidate,0.9999992994465495,very_high,Affidabilità molto alta diagnostica,363.62025153209095,ge_5_00_ha,8721,1,gt_250,singlepart,False,False,False,True,False,True,regional_reliability_score_exp_v3,experimental
very_high_top,2a6bfba8-68c1-4587-8b48-21c660173e55,south_calabria,added_candidate,0.9999988991596188,very_high,Affidabilità molto alta diagnostica,495.3241588334316,ge_5_00_ha,2678,1,gt_250,singlepart,False,False,False,True,False,True,regional_reliability_score_exp_v3,experimental
very_high_top,6e607540-1c84-4f73-8076-bf5e692029d4,south_calabria,added_candidate,0.9999984624649046,very_high,Affidabilità molto alta diagnostica,409.71120443462934,ge_5_00_ha,4092,1,gt_250,singlepart,False,False,False,True,False,True,regional_reliability_score_exp_v3,experimental
very_high_top,ad28052d-32d8-4840-99e7-9166703daa13,north_calabria,added_candidate,0.9999971697856905,very_high,Affidabilità molto alta diagnostica,323.137772819495,ge_5_00_ha,4620,1,gt_250,singlepart,False,False,False,True,False,True,regional_reliability_score_exp_v3,experimental
very_high_top,4b5b5951-5f78-4e4c-a3f7-8957955eb401,north_calabria,added_candidate,0.9999956262558015,very_high,Affidabilità molto alta diagnostica,314.00520840709993,ge_5_00_ha,3633,1,gt_250,singlepart,False,False,False,True,False,True,regional_reliability_score_exp_v3,experimental
very_high_top,83305d08-6d91-49af-804c-7290945115aa,south_calabria,added_candidate,0.9999931417160302,very_high,Affidabilità molto alta diagnostica,346.6458290473326,ge_5_00_ha,4169,1,gt_250,singlepart,False,False,False,True,False,True,regional_reliability_score_exp_v3,experimental
very_high_top,40624ca9-0954-4015-a443-2060266481d3,south_calabria,added_candidate,0.9999926762758027,very_high,Affidabilità molto alta diagnostica,347.47336974818927,ge_5_00_ha,3614,1,gt_250,singlepart,False,False,False,True,False,True,regional_reliability_score_exp_v3,experimental
very_high_top,24b112ec-fc7e-4d90-b917-aabc1f0a0d7a,south_calabria,added_candidate,0.9999916675129785,very_high,Affidabilità molto alta diagnostica,242.81510574968323,ge_5_00_ha,5364,1,gt_250,singlepart,False,False,False,True,False,True,regional_reliability_score_exp_v3,experimental
very_high_top,df993041-addb-4266-9766-24dafadc0c66,north_calabria,added_candidate,0.9999894737914494,very_high,Affidabilità molto alta diagnostica,181.10583639513172,ge_5_00_ha,11405,1,gt_250,singlepart,False,False,False,True,False,True,regional_reliability_score_exp_v3,experimental
very_high_top,7ede0586-3151-469c-8de9-4f3ce7a6be28,central_calabria,added_candidate,0.99998792188478,very_high,Affidabilità molto alta diagnostica,312.59848233903136,ge_5_00_ha,2130,1,gt_250,singlepart,False,False,False,True,False,True,regional_reliability_score_exp_v3,experimental
very_high_top,17041a2c-a4d3-4fe0-bfc7-b319c7240d55,south_calabria,added_candidate,0.999987160624005,very_high,Affidabilità molto alta diagnostica,283.0776439640785,ge_5_00_ha,4398,1,gt_250,singlepart,False,False,False,True,False,True,regional_reliability_score_exp_v3,experimental
very_high_top,607ee59c-77af-4834-8bb6-c65de3a7a985,south_calabria,added_candidate,0.9999814135871286,very_high,Affidabilità molto alta diagnostica,342.55366985208985,ge_5_00_ha,2806,1,gt_250,singlepart,False,False,False,True,False,True,regional_reliability_score_exp_v3,experimental
very_high_top,f1d60a33-26d8-4f58-a9a6-880191e6af64,central_calabria,added_candidate,0.9999800410191049,very_high,Affidabilità molto alta diagnostica,253.9914750574876,ge_5_00_ha,3247,1,gt_250,singlepart,False,False,False,True,False,True,regional_reliability_score_exp_v3,experimental
very_high_top,5146e1c9-0d31-48c8-bc98-1fae3a848a55,south_calabria,added_candidate,0.9999779104261292,very_high,Affidabilità molto alta diagnostica,307.4363985533214,ge_5_00_ha,4091,1,gt_250,singlepart,False,False,False,True,False,True,regional_reliability_score_exp_v3,experimental
very_high_top,cdb1bc08-9404-4a01-82b7-0218292d337d,south_calabria,added_candidate,0.9999762204707634,very_high,Affidabilità molto alta diagnostica,318.18784241952255,ge_5_00_ha,2914,1,gt_250,singlepart,False,False,False,True,False,True,regional_reliability_score_exp_v3,experimental
very_high_top,625807d0-b0e4-4674-b464-2a56cc1c5572,north_calabria,added_candidate,0.9999722432886586,very_high,Affidabilità molto alta diagnostica,177.9404292284653,ge_5_00_ha,6264,1,gt_250,singlepart,False,False,False,True,False,True,regional_reliability_score_exp_v3,experimental
very_high_top,fe9ecb17-2e09-4575-acf2-a2615cb13aae,central_calabria,added_candidate,0.9999657461965276,very_high,Affidabilità molto alta diagnostica,240.75965298001663,ge_5_00_ha,2993,1,gt_250,singlepart,False,False,False,True,False,True,regional_reliability_score_exp_v3,experimental
very_high_top,57c4d973-81a8-4d09-8118-d2fb38f40f44,north_calabria,added_candidate,0.9999650164122044,very_high,Affidabilità molto alta diagnostica,166.00158340561222,ge_5_00_ha,9108,1,gt_250,singlepart,False,False,False,True,False,True,regional_reliability_score_exp_v3,experimental
very_high_top,a04554b9-e1cd-4208-ad3f-faa801e6ef2f,central_calabria,added_candidate,0.999945689639195,very_high,Affidabilità molto alta diagnostica,241.14278250929405,ge_5_00_ha,1927,1,gt_250,singlepart,False,False,False,True,False,True,regional_reliability_score_exp_v3,experimental
very_high_top,cd85eb85-2a8c-43a2-b1eb-3947e581e6de,north_calabria,added_candidate,0.9999396034434713,very_high,Affidabilità molto alta diagnostica,228.08485662503978,ge_5_00_ha,3313,1,gt_250,singlepart,False,False,False,True,False,True,regional_reliability_score_exp_v3,experimental
very_high_top,fb6edcd8-3348-47ff-856e-5eab78ecda34,south_calabria,added_candidate,0.999934731619931,very_high,Affidabilità molto alta diagnostica,290.0997776896022,ge_5_00_ha,3117,1,gt_250,singlepart,False,False,False,True,False,True,regional_reliability_score_exp_v3,experimental
very_high_top,2681f8e3-3c22-410e-90a7-4a7349b9cefe,north_calabria,added_candidate,0.9999339824890978,very_high,Affidabilità molto alta diagnostica,175.90559880945708,ge_5_00_ha,8116,1,gt_250,singlepart,False,False,False,True,False,True,regional_reliability_score_exp_v3,experimental
very_high_top,586ecf03-1f55-4617-98c7-dbb51cef301f,central_calabria,added_candidate,0.9999337849565548,very_high,Affidabilità molto alta diagnostica,277.4615259967278,ge_5_00_ha,2163,1,gt_250,singlepart,False,False,False,True,False,True,regional_reliability_score_exp_v3,experimental
very_high_top,4f40e56c-4d17-4a0a-b44a-5f39e8b37be5,central_calabria,added_candidate,0.9999258785977899,very_high,Affidabilità molto alta diagnostica,211.33072656709078,ge_5_00_ha,3594,1,gt_250,singlepart,False,False,False,True,False,True,regional_reliability_score_exp_v3,experimental
very_high_top,d261e6c5-bd0d-4a47-b6d7-f6d7ad55d033,south_calabria,added_candidate,0.9999228484647336,very_high,Affidabilità molto alta diagnostica,249.2485364956073,ge_5_00_ha,3460,1,gt_250,singlepart,False,False,False,True,False,True,regional_reliability_score_exp_v3,experimental
very_high_top,87594a08-e25c-4880-97cc-90a69bfc7c88,north_calabria,added_candidate,0.9999200427414191,very_high,Affidabilità molto alta diagnostica,161.97234670523298,ge_5_00_ha,8474,1,gt_250,singlepart,False,False,False,True,False,True,regional_reliability_score_exp_v3,experimental
very_high_top,df937e8a-5567-4bc6-bf73-d60818551bff,south_calabria,added_candidate,0.9999190476867904,very_high,Affidabilità molto alta diagnostica,268.8771980036533,ge_5_00_ha,2371,1,gt_250,singlepart,False,False,False,True,False,True,regional_reliability_score_exp_v3,experimental
very_high_top,30a711c3-2c9a-4f73-bc62-663318c149de,south_calabria,added_candidate,0.9999127860569152,very_high,Affidabilità molto alta diagnostica,237.89091386026217,ge_5_00_ha,3444,1,gt_250,singlepart,False,False,False,True,False,True,regional_reliability_score_exp_v3,experimental
very_high_top,a02ad946-f616-40fd-8da0-a190665ef648,north_calabria,added_candidate,0.9999038971009483,very_high,Affidabilità molto alta diagnostica,193.6229858697136,ge_5_00_ha,6608,1,gt_250,singlepart,False,False,False,True,False,True,regional_reliability_score_exp_v3,experimental
high_top,82d44ff5-deba-4614-aebc-3833048cfe98,north_calabria,current_high_confidence,0.8499261728568348,high,Alta affidabilità diagnostica,14.146552484200566,ge_5_00_ha,179,1,101_250,singlepart,True,False,False,True,False,False,regional_reliability_score_exp_v3,experimental
high_top,9edbdebb-1846-4810-87d5-242bbc17471c,central_calabria,added_candidate,0.8496127023115717,high,Alta affidabilità diagnostica,32.00849505125354,ge_5_00_ha,328,1,gt_250,singlepart,False,False,False,True,False,True,regional_reliability_score_exp_v3,experimental
high_top,612037e0-fa55-426b-9535-76b9f16779eb,central_calabria,added_candidate,0.8495360504538079,high,Alta affidabilità diagnostica,29.319337185851996,ge_5_00_ha,687,1,gt_250,singlepart,False,False,False,True,False,True,regional_reliability_score_exp_v3,experimental
high_top,445e2e70-5bd1-43b0-aed3-e2805cf62318,north_calabria,added_candidate,0.8495276111926588,high,Alta affidabilità diagnostica,22.71150771512113,ge_5_00_ha,1639,1,gt_250,singlepart,False,False,False,True,False,True,regional_reliability_score_exp_v3,experimental
high_top,5a705437-4421-4c9f-be91-f3316855ede1,central_calabria,added_candidate,0.8493495658923083,high,Alta affidabilità diagnostica,32.38305258751779,ge_5_00_ha,334,1,gt_250,singlepart,False,False,False,True,False,True,regional_reliability_score_exp_v3,experimental
high_top,cc1ad323-017a-49cb-ab2c-48253c746f5e,north_calabria,added_candidate,0.8493388316350665,high,Alta affidabilità diagnostica,23.034962741941694,ge_5_00_ha,1527,1,gt_250,singlepart,False,False,False,True,False,True,regional_reliability_score_exp_v3,experimental
high_top,7b214e98-0d83-475e-aee3-a65309e28296,central_calabria,added_candidate,0.8491746946624879,high,Alta affidabilità diagnostica,25.882279713803605,ge_5_00_ha,210,1,101_250,singlepart,False,False,False,True,False,False,regional_reliability_score_exp_v3,experimental
high_top,15194ff5-6d2e-45cd-9b3c-107a118f96e7,central_calabria,added_candidate,0.8491504445113319,high,Alta affidabilità diagnostica,33.09617019630691,ge_5_00_ha,487,1,gt_250,singlepart,False,False,False,True,False,True,regional_reliability_score_exp_v3,experimental
high_top,ca78da9b-c602-4b83-9217-db2f5ebde94c,south_calabria,added_candidate,0.8490569977748134,high,Alta affidabilità diagnostica,40.29541997380211,ge_5_00_ha,1296,1,gt_250,singlepart,False,False,False,True,False,True,regional_reliability_score_exp_v3,experimental
high_top,5914f7c0-a143-4964-a4f1-8e34af8ef9b9,central_calabria,added_candidate,0.849055172674209,high,Alta affidabilità diagnostica,31.575223940605948,ge_5_00_ha,701,1,gt_250,singlepart,False,False,False,True,False,True,regional_reliability_score_exp_v3,experimental
high_top,cace545c-b16a-4c00-988f-af75afc1ba1b,central_calabria,added_candidate,0.8489481377921808,high,Alta affidabilità diagnostica,25.37530192145795,ge_5_00_ha,946,1,gt_250,singlepart,False,False,False,True,False,True,regional_reliability_score_exp_v3,experimental
high_top,4d990997-c625-436f-87c8-84463171e259,central_calabria,added_candidate,0.848905804906839,high,Alta affidabilità diagnostica,33.266256915515804,ge_5_00_ha,385,1,gt_250,singlepart,False,False,False,True,False,True,regional_reliability_score_exp_v3,experimental
high_top,d6aeea89-c320-4721-ae6d-5c0d99f40be6,central_calabria,added_candidate,0.8488441560985398,high,Alta affidabilità diagnostica,30.750993014978427,ge_5_00_ha,419,1,gt_250,singlepart,False,False,False,True,False,True,regional_reliability_score_exp_v3,experimental
high_top,d143cb50-c3d9-48d5-af35-a9f086ffddd0,central_calabria,added_candidate,0.8487002458842696,high,Alta affidabilità diagnostica,31.018841168622206,ge_5_00_ha,272,1,gt_250,singlepart,False,False,False,True,False,True,regional_reliability_score_exp_v3,experimental
high_top,850fcd4c-81b7-4133-94b4-3147b9f259b8,south_calabria,added_candidate,0.8486919526877168,high,Alta affidabilità diagnostica,45.320613187250615,ge_5_00_ha,1203,1,gt_250,singlepart,False,False,False,True,False,True,regional_reliability_score_exp_v3,experimental
high_top,512e0b67-6240-4b14-80c1-9782476db029,central_calabria,added_candidate,0.8486802778073248,high,Alta affidabilità diagnostica,31.216770976958074,ge_5_00_ha,265,1,gt_250,singlepart,False,False,False,True,False,True,regional_reliability_score_exp_v3,experimental
high_top,25ca5714-6baa-462e-b4c7-5ee13f867c1f,central_calabria,added_candidate,0.8481770908048492,high,Alta affidabilità diagnostica,27.16469083315081,ge_5_00_ha,397,1,gt_250,singlepart,False,False,False,True,False,True,regional_reliability_score_exp_v3,experimental
high_top,5db5675f-282f-43f2-b82b-3b9b1502abeb,central_calabria,added_candidate,0.8477767707728618,high,Alta affidabilità diagnostica,30.524969001344378,ge_5_00_ha,771,1,gt_250,singlepart,False,False,False,True,False,True,regional_reliability_score_exp_v3,experimental
high_top,90335388-09d4-4903-908a-a3a3ecb6c8dc,north_calabria,added_candidate,0.8475316911985639,high,Alta affidabilità diagnostica,19.66217841375723,ge_5_00_ha,2142,1,gt_250,singlepart,False,False,False,True,False,True,regional_reliability_score_exp_v3,experimental
high_top,a187911c-a118-4e90-8dbd-a0db8c767f5c,north_calabria,added_candidate,0.8474530896298095,high,Alta affidabilità diagnostica,24.260813583694684,ge_5_00_ha,1540,1,gt_250,singlepart,False,False,False,True,False,True,regional_reliability_score_exp_v3,experimental
high_top,a5529076-fcaf-4e35-bbab-255d7ade008e,south_calabria,added_candidate,0.8473459308360709,high,Alta affidabilità diagnostica,51.09145726582783,ge_5_00_ha,398,1,gt_250,singlepart,False,False,False,True,False,True,regional_reliability_score_exp_v3,experimental
high_top,f89cc09f-0959-4d28-9a59-a7212ebbce27,central_calabria,added_candidate,0.8470887997248594,high,Alta affidabilità diagnostica,33.573378602621446,ge_5_00_ha,547,1,gt_250,singlepart,False,False,False,True,False,True,regional_reliability_score_exp_v3,experimental
high_top,9155b111-a466-4a66-8225-4357f737c1a3,south_calabria,added_candidate,0.8469288162835601,high,Alta affidabilità diagnostica,45.617435491589966,ge_5_00_ha,322,1,gt_250,singlepart,False,False,False,True,False,True,regional_reliability_score_exp_v3,experimental
high_top,ca8838b5-eaf0-41a8-9354-3a56fc76ce9b,central_calabria,added_candidate,0.8467090619936942,high,Alta affidabilità diagnostica,26.726848699824828,ge_5_00_ha,203,1,101_250,singlepart,False,False,False,True,False,False,regional_reliability_score_exp_v3,experimental
high_top,bda8e473-b7f2-4de0-9493-242ddd00407b,central_calabria,added_candidate,0.846561768385578,high,Alta affidabilità diagnostica,30.963141238964866,ge_5_00_ha,1803,1,gt_250,singlepart,False,False,False,True,False,True,regional_reliability_score_exp_v3,experimental
high_top,1b272a30-df7a-4fef-bbf1-06be1eb71727,north_calabria,added_candidate,0.8465126585846797,high,Alta affidabilità diagnostica,23.449114152187942,ge_5_00_ha,1367,1,gt_250,singlepart,False,False,False,True,False,True,regional_reliability_score_exp_v3,experimental
high_top,1da0de80-d5af-4711-b488-dfe0e435aaf2,central_calabria,added_candidate,0.8463301532789144,high,Alta affidabilità diagnostica,28.4205992657626,ge_5_00_ha,816,1,gt_250,singlepart,False,False,False,True,False,True,regional_reliability_score_exp_v3,experimental
high_top,bbd22ce3-0bc5-43bb-b19f-64adfaf3cb19,central_calabria,added_candidate,0.8462531862378013,high,Alta affidabilità diagnostica,26.541614085888288,ge_5_00_ha,245,1,101_250,singlepart,False,False,False,True,False,False,regional_reliability_score_exp_v3,experimental
high_top,5e1d2076-85ed-4bfd-94d7-8f5d09234d07,north_calabria,added_candidate,0.8461790113189461,high,Alta affidabilità diagnostica,24.852060051624314,ge_5_00_ha,1179,1,gt_250,singlepart,False,False,False,True,False,True,regional_reliability_score_exp_v3,experimental
high_top,fdbe61e7-9c87-4f62-9a95-d646c2627a24,central_calabria,added_candidate,0.8459100257132276,high,Alta affidabilità diagnostica,27.65311185691749,ge_5_00_ha,205,1,101_250,singlepart,False,False,False,True,False,False,regional_reliability_score_exp_v3,experimental
high_top,009f3fa9-d28f-4c8b-8243-63087555673b,central_calabria,added_candidate,0.8459042853743192,high,Alta affidabilità diagnostica,33.07209233408012,ge_5_00_ha,604,1,gt_250,singlepart,False,False,False,True,False,True,regional_reliability_score_exp_v3,experimental
high_top,f5a6e0be-aee5-476c-b344-4069c08b7bad,south_calabria,added_candidate,0.8456676382666489,high,Alta affidabilità diagnostica,40.30388362684959,ge_5_00_ha,1133,1,gt_250,singlepart,False,False,False,True,False,True,regional_reliability_score_exp_v3,experimental
high_top,b5e3e44a-e266-4b6c-9fc5-7fac0dd846a0,central_calabria,added_candidate,0.8455606052279763,high,Alta affidabilità diagnostica,29.132086573793007,ge_5_00_ha,657,1,gt_250,singlepart,False,False,False,True,False,True,regional_reliability_score_exp_v3,experimental
high_top,8a4a470c-876d-4d3c-98ff-960a0f82fdff,central_calabria,added_candidate,0.8455299264897087,high,Alta affidabilità diagnostica,24.27636405562543,ge_5_00_ha,124,1,101_250,singlepart,False,False,False,True,False,False,regional_reliability_score_exp_v3,experimental
high_top,5063f7e6-71b8-47dc-8caf-0bfd4dc4f6b0,central_calabria,added_candidate,0.8455165543776677,high,Alta affidabilità diagnostica,28.07473007486937,ge_5_00_ha,286,1,gt_250,singlepart,False,False,False,True,False,True,regional_reliability_score_exp_v3,experimental
high_top,eb69491e-649d-49c8-b8c6-95b7336e1c57,central_calabria,added_candidate,0.8454608599300635,high,Alta affidabilità diagnostica,30.182526918316398,ge_5_00_ha,531,1,gt_250,singlepart,False,False,False,True,False,True,regional_reliability_score_exp_v3,experimental
high_top,f1caad1b-9d8b-4a28-a5c3-a0d73a4e57c8,central_calabria,added_candidate,0.8451971301183946,high,Alta affidabilità diagnostica,32.00731746442629,ge_5_00_ha,322,1,gt_250,singlepart,False,False,False,True,False,True,regional_reliability_score_exp_v3,experimental
high_top,8518613d-069a-4559-ade0-0eb49a2ac309,north_calabria,added_candidate,0.8450882956932735,high,Alta affidabilità diagnostica,20.541093336436244,ge_5_00_ha,472,1,gt_250,singlepart,False,False,False,True,False,True,regional_reliability_score_exp_v3,experimental
high_top,b4cbc5fe-837d-4dc0-9038-b9b1540272b1,north_calabria,added_candidate,0.844883803861575,high,Alta affidabilità diagnostica,24.381212887478174,ge_5_00_ha,1290,1,gt_250,singlepart,False,False,False,True,False,True,regional_reliability_score_exp_v3,experimental
high_top,d3477389-7d24-4796-ac3c-0deba52b5dd1,north_calabria,added_candidate,0.8448337002584064,high,Alta affidabilità diagnostica,20.36388574856744,ge_5_00_ha,407,1,gt_250,singlepart,False,False,False,True,False,True,regional_reliability_score_exp_v3,experimental
compatible_top,abe05f57-98b3-4edd-a169-1b2910df3bf9,central_calabria,added_candidate,0.6998884890899962,compatible,Compatibile diagnostico,14.289431618665962,ge_5_00_ha,234,1,101_250,singlepart,False,False,False,True,False,False,regional_reliability_score_exp_v3,experimental
compatible_top,db9547b1-d2b8-43cf-b474-c1d137b221b3,central_calabria,added_candidate,0.6998537264641117,compatible,Compatibile diagnostico,17.186332364385713,ge_5_00_ha,444,1,gt_250,singlepart,False,False,False,True,False,True,regional_reliability_score_exp_v3,experimental
compatible_top,a9b51a45-6c99-403c-89f9-4867774bfd4c,north_calabria,current_high_confidence,0.6997987973939118,compatible,Compatibile diagnostico,3.8234504825698292,2_00_5_00_ha,88,1,51_100,singlepart,True,False,False,False,False,False,regional_reliability_score_exp_v3,experimental
compatible_top,543f5777-cab2-4f4d-906e-faae722bcc20,central_calabria,added_candidate,0.6997950749809771,compatible,Compatibile diagnostico,16.876262952853754,ge_5_00_ha,562,1,gt_250,singlepart,False,False,False,True,False,True,regional_reliability_score_exp_v3,experimental
compatible_top,95ed9f16-67ee-48bf-8bc4-91d9af24fa32,south_calabria,added_candidate,0.6997825373550868,compatible,Compatibile diagnostico,24.01853038640577,ge_5_00_ha,185,1,101_250,singlepart,False,False,False,True,False,False,regional_reliability_score_exp_v3,experimental
compatible_top,471a01a2-d1e5-420c-a9b4-2b8e884948c9,central_calabria,current_high_confidence,0.6996970113700872,compatible,Compatibile diagnostico,10.359464254532151,ge_5_00_ha,178,1,101_250,singlepart,True,False,False,True,False,False,regional_reliability_score_exp_v3,experimental
compatible_top,31deb678-89cd-47d1-8875-9a2a74bcffd5,north_calabria,added_candidate,0.6996305631676103,compatible,Compatibile diagnostico,12.482502440321998,ge_5_00_ha,1044,1,gt_250,singlepart,False,False,False,True,False,True,regional_reliability_score_exp_v3,experimental
compatible_top,2b6b7cd7-1347-41fb-abb5-8bcc523d1ad0,central_calabria,added_candidate,0.6996188457225252,compatible,Compatibile diagnostico,16.80360575089203,ge_5_00_ha,510,1,gt_250,singlepart,False,False,False,True,False,True,regional_reliability_score_exp_v3,experimental
compatible_top,02d1a173-ecaa-4c2f-92a1-ad0c7fc52150,north_calabria,current_high_confidence,0.6995740953256122,compatible,Compatibile diagnostico,3.6497493998337034,2_00_5_00_ha,174,1,101_250,singlepart,True,False,False,False,False,False,regional_reliability_score_exp_v3,experimental
compatible_top,6835431b-a2dd-447b-9f61-c5404478d5fb,central_calabria,added_candidate,0.6995098040040648,compatible,Compatibile diagnostico,10.984806863751931,ge_5_00_ha,188,1,101_250,singlepart,False,False,False,True,False,False,regional_reliability_score_exp_v3,experimental
compatible_top,b6c11f2c-dcba-4ed9-baaa-120935c454c7,central_calabria,added_candidate,0.6991987298689818,compatible,Compatibile diagnostico,16.24965201972941,ge_5_00_ha,1373,1,gt_250,singlepart,False,False,False,True,False,True,regional_reliability_score_exp_v3,experimental
compatible_top,ec4e6b7f-c8b9-478a-bb11-34e76904c541,central_calabria,added_candidate,0.6991687232261696,compatible,Compatibile diagnostico,15.94553307480428,ge_5_00_ha,270,1,gt_250,singlepart,False,False,False,True,False,True,regional_reliability_score_exp_v3,experimental
compatible_top,f91e6006-a29b-4a68-b6e9-65f2f6513b25,north_calabria,added_candidate,0.6991562926717274,compatible,Compatibile diagnostico,11.374164068168827,ge_5_00_ha,343,1,gt_250,singlepart,False,False,False,True,False,True,regional_reliability_score_exp_v3,experimental
compatible_top,b0e52cf8-d3e5-45a2-8fae-65b7fb0ec77d,central_calabria,added_candidate,0.6991535477841562,compatible,Compatibile diagnostico,17.05781022872503,ge_5_00_ha,537,1,gt_250,singlepart,False,False,False,True,False,True,regional_reliability_score_exp_v3,experimental
compatible_top,38032c3c-36da-4e91-9376-cf698876acfc,central_calabria,current_high_confidence,0.6990795235607693,compatible,Compatibile diagnostico,10.944710546147059,ge_5_00_ha,79,1,51_100,singlepart,True,False,False,True,False,False,regional_reliability_score_exp_v3,experimental
compatible_top,b097d6c3-4b9f-4e60-b144-71b5e94c1448,north_calabria,added_candidate,0.6989399788637185,compatible,Compatibile diagnostico,10.859249798778523,ge_5_00_ha,563,1,gt_250,singlepart,False,False,False,True,False,True,regional_reliability_score_exp_v3,experimental
compatible_top,68337a4f-9912-4a79-a666-8772317c2fcc,central_calabria,current_high_confidence,0.6989133362641317,compatible,Compatibile diagnostico,11.248596049511995,ge_5_00_ha,77,1,51_100,singlepart,True,False,False,True,False,False,regional_reliability_score_exp_v3,experimental
compatible_top,e89e36f2-8892-4697-a562-ee3c6d2dae09,north_calabria,added_candidate,0.6988423942267783,compatible,Compatibile diagnostico,12.2429479774183,ge_5_00_ha,976,1,gt_250,singlepart,False,False,False,True,False,True,regional_reliability_score_exp_v3,experimental
compatible_top,80660061-f428-43ac-ba55-61feb8de8150,central_calabria,current_high_confidence,0.698756789360546,compatible,Compatibile diagnostico,1.5776517130592411,1_00_2_00_ha,10,1,le_20,singlepart,True,False,False,False,False,False,regional_reliability_score_exp_v3,experimental
compatible_top,249b7fed-0294-4f40-a8f3-a0e73ee904e5,south_calabria,added_candidate,0.6986725226074108,compatible,Compatibile diagnostico,23.795507789815318,ge_5_00_ha,224,1,101_250,singlepart,False,False,False,True,False,False,regional_reliability_score_exp_v3,experimental
compatible_top,e1a54520-01c5-4035-8b9c-47e04f435071,central_calabria,current_high_confidence,0.6985850885735866,compatible,Compatibile diagnostico,8.000587923241838,ge_5_00_ha,129,1,101_250,singlepart,True,False,False,True,False,False,regional_reliability_score_exp_v3,experimental
compatible_top,fafe3793-1175-4b91-a421-81377ce4989e,north_calabria,current_high_confidence,0.6981856640713936,compatible,Compatibile diagnostico,3.3878376277772064,2_00_5_00_ha,143,1,101_250,singlepart,True,False,False,False,False,False,regional_reliability_score_exp_v3,experimental
compatible_top,0bb811b4-978a-4a39-8642-fefc93e7a943,central_calabria,added_candidate,0.6981339238537773,compatible,Compatibile diagnostico,16.589778987511412,ge_5_00_ha,697,1,gt_250,singlepart,False,False,False,True,False,True,regional_reliability_score_exp_v3,experimental
compatible_top,71be887b-d04d-4516-9a08-50a5e92a4ad8,central_calabria,current_high_confidence,0.6981044846192423,compatible,Compatibile diagnostico,3.7684486568441944,2_00_5_00_ha,109,1,101_250,singlepart,True,False,False,False,False,False,regional_reliability_score_exp_v3,experimental
compatible_top,7c016b74-2380-4788-9964-973203eda413,south_calabria,added_candidate,0.6980614160930457,compatible,Compatibile diagnostico,20.566949835045346,ge_5_00_ha,109,1,101_250,singlepart,False,False,False,True,False,False,regional_reliability_score_exp_v3,experimental
compatible_top,08b72886-d769-44ac-a7f1-4e556cfa849d,central_calabria,current_high_confidence,0.6979636323576843,compatible,Compatibile diagnostico,9.506377496898217,ge_5_00_ha,137,1,101_250,singlepart,True,False,False,True,False,False,regional_reliability_score_exp_v3,experimental
compatible_top,8deceadf-5783-4cba-9f65-335af3fb751d,central_calabria,current_high_confidence,0.6979208440191477,compatible,Compatibile diagnostico,2.1839920879419927,2_00_5_00_ha,12,1,le_20,singlepart,True,False,False,False,False,False,regional_reliability_score_exp_v3,experimental
compatible_top,f37f51fa-ad12-445b-98b0-7c37e37f1448,north_calabria,current_high_confidence,0.6979040623296076,compatible,Compatibile diagnostico,3.085584621985176,2_00_5_00_ha,122,1,101_250,singlepart,True,False,False,False,False,False,regional_reliability_score_exp_v3,experimental
compatible_top,7c5ee0d0-f4d8-4a00-949f-a9b0138ed878,central_calabria,current_high_confidence,0.6979036153930972,compatible,Compatibile diagnostico,4.5424761296614635,2_00_5_00_ha,136,1,101_250,singlepart,True,False,False,False,False,False,regional_reliability_score_exp_v3,experimental
compatible_top,abdc9bd4-4482-4a43-99b8-8896dbeb23ed,central_calabria,current_high_confidence,0.6978175737331024,compatible,Compatibile diagnostico,7.535816381638561,ge_5_00_ha,104,1,101_250,singlepart,True,False,False,True,False,False,regional_reliability_score_exp_v3,experimental
compatible_top,1a77bf40-cb8d-4407-a5a1-76da76786204,north_calabria,added_candidate,0.6978066125453387,compatible,Compatibile diagnostico,11.609965955263483,ge_5_00_ha,912,1,gt_250,singlepart,False,False,False,True,False,True,regional_reliability_score_exp_v3,experimental
compatible_top,901d338c-bf21-4ece-8026-4f34c7e39bfd,south_calabria,added_candidate,0.6977612607273408,compatible,Compatibile diagnostico,22.141173164897623,ge_5_00_ha,639,1,gt_250,singlepart,False,False,False,True,False,True,regional_reliability_score_exp_v3,experimental
compatible_top,ea53f9fd-27b6-42aa-98a5-8bfb4b0e35c1,central_calabria,added_candidate,0.6977189250873124,compatible,Compatibile diagnostico,17.019192047478075,ge_5_00_ha,418,1,gt_250,singlepart,False,False,False,True,False,True,regional_reliability_score_exp_v3,experimental
compatible_top,325b5373-6861-4165-a339-7bc372d645f1,north_calabria,added_candidate,0.697707880845232,compatible,Compatibile diagnostico,10.651878557114609,ge_5_00_ha,371,1,gt_250,singlepart,False,False,False,True,False,True,regional_reliability_score_exp_v3,experimental
compatible_top,1ca1333a-0dee-4b23-b386-c7ded2d1cf64,north_calabria,current_high_confidence,0.6976820138592486,compatible,Compatibile diagnostico,3.3078681329705395,2_00_5_00_ha,133,1,101_250,singlepart,True,False,False,False,False,False,regional_reliability_score_exp_v3,experimental
compatible_top,c8103dff-83cf-4e03-acc7-0f49dafbdaeb,central_calabria,added_candidate,0.6976154743376947,compatible,Compatibile diagnostico,17.23374176366763,ge_5_00_ha,422,1,gt_250,singlepart,False,False,False,True,False,True,regional_reliability_score_exp_v3,experimental
compatible_top,2868669b-dc98-4c67-a56d-465b22d94139,north_calabria,added_candidate,0.6975818693293119,compatible,Compatibile diagnostico,3.657541157669059,2_00_5_00_ha,197,1,101_250,singlepart,False,False,False,False,False,False,regional_reliability_score_exp_v3,experimental
compatible_top,20abed91-c489-4b9e-bb0f-b72bf448bb06,north_calabria,added_candidate,0.6974258061062468,compatible,Compatibile diagnostico,12.463735715140036,ge_5_00_ha,929,1,gt_250,singlepart,False,False,False,True,False,True,regional_reliability_score_exp_v3,experimental
compatible_top,3b8f31b6-28c2-4c24-8e8e-d17f7529f385,central_calabria,added_candidate,0.697421536883093,compatible,Compatibile diagnostico,17.39112579856737,ge_5_00_ha,408,1,gt_250,singlepart,False,False,False,True,False,True,regional_reliability_score_exp_v3,experimental
compatible_top,48382e42-5690-4ef1-b39d-f287f442e67a,central_calabria,added_candidate,0.6973803924054448,compatible,Compatibile diagnostico,15.920800021273035,ge_5_00_ha,594,1,gt_250,singlepart,False,False,False,True,False,True,regional_reliability_score_exp_v3,experimental
compatible_borderline,abe05f57-98b3-4edd-a169-1b2910df3bf9,central_calabria,added_candidate,0.6998884890899962,compatible,Compatibile diagnostico,14.289431618665962,ge_5_00_ha,234,1,101_250,singlepart,False,False,False,True,False,False,regional_reliability_score_exp_v3,experimental
compatible_borderline,db9547b1-d2b8-43cf-b474-c1d137b221b3,central_calabria,added_candidate,0.6998537264641117,compatible,Compatibile diagnostico,17.186332364385713,ge_5_00_ha,444,1,gt_250,singlepart,False,False,False,True,False,True,regional_reliability_score_exp_v3,experimental
compatible_borderline,a9b51a45-6c99-403c-89f9-4867774bfd4c,north_calabria,current_high_confidence,0.6997987973939118,compatible,Compatibile diagnostico,3.8234504825698292,2_00_5_00_ha,88,1,51_100,singlepart,True,False,False,False,False,False,regional_reliability_score_exp_v3,experimental
compatible_borderline,543f5777-cab2-4f4d-906e-faae722bcc20,central_calabria,added_candidate,0.6997950749809771,compatible,Compatibile diagnostico,16.876262952853754,ge_5_00_ha,562,1,gt_250,singlepart,False,False,False,True,False,True,regional_reliability_score_exp_v3,experimental
compatible_borderline,95ed9f16-67ee-48bf-8bc4-91d9af24fa32,south_calabria,added_candidate,0.6997825373550868,compatible,Compatibile diagnostico,24.01853038640577,ge_5_00_ha,185,1,101_250,singlepart,False,False,False,True,False,False,regional_reliability_score_exp_v3,experimental
compatible_borderline,471a01a2-d1e5-420c-a9b4-2b8e884948c9,central_calabria,current_high_confidence,0.6996970113700872,compatible,Compatibile diagnostico,10.359464254532151,ge_5_00_ha,178,1,101_250,singlepart,True,False,False,True,False,False,regional_reliability_score_exp_v3,experimental
compatible_borderline,31deb678-89cd-47d1-8875-9a2a74bcffd5,north_calabria,added_candidate,0.6996305631676103,compatible,Compatibile diagnostico,12.482502440321998,ge_5_00_ha,1044,1,gt_250,singlepart,False,False,False,True,False,True,regional_reliability_score_exp_v3,experimental
compatible_borderline,2b6b7cd7-1347-41fb-abb5-8bcc523d1ad0,central_calabria,added_candidate,0.6996188457225252,compatible,Compatibile diagnostico,16.80360575089203,ge_5_00_ha,510,1,gt_250,singlepart,False,False,False,True,False,True,regional_reliability_score_exp_v3,experimental
compatible_borderline,02d1a173-ecaa-4c2f-92a1-ad0c7fc52150,north_calabria,current_high_confidence,0.6995740953256122,compatible,Compatibile diagnostico,3.6497493998337034,2_00_5_00_ha,174,1,101_250,singlepart,True,False,False,False,False,False,regional_reliability_score_exp_v3,experimental
compatible_borderline,6835431b-a2dd-447b-9f61-c5404478d5fb,central_calabria,added_candidate,0.6995098040040648,compatible,Compatibile diagnostico,10.984806863751931,ge_5_00_ha,188,1,101_250,singlepart,False,False,False,True,False,False,regional_reliability_score_exp_v3,experimental
compatible_borderline,b6c11f2c-dcba-4ed9-baaa-120935c454c7,central_calabria,added_candidate,0.6991987298689818,compatible,Compatibile diagnostico,16.24965201972941,ge_5_00_ha,1373,1,gt_250,singlepart,False,False,False,True,False,True,regional_reliability_score_exp_v3,experimental
compatible_borderline,ec4e6b7f-c8b9-478a-bb11-34e76904c541,central_calabria,added_candidate,0.6991687232261696,compatible,Compatibile diagnostico,15.94553307480428,ge_5_00_ha,270,1,gt_250,singlepart,False,False,False,True,False,True,regional_reliability_score_exp_v3,experimental
compatible_borderline,f91e6006-a29b-4a68-b6e9-65f2f6513b25,north_calabria,added_candidate,0.6991562926717274,compatible,Compatibile diagnostico,11.374164068168827,ge_5_00_ha,343,1,gt_250,singlepart,False,False,False,True,False,True,regional_reliability_score_exp_v3,experimental
compatible_borderline,b0e52cf8-d3e5-45a2-8fae-65b7fb0ec77d,central_calabria,added_candidate,0.6991535477841562,compatible,Compatibile diagnostico,17.05781022872503,ge_5_00_ha,537,1,gt_250,singlepart,False,False,False,True,False,True,regional_reliability_score_exp_v3,experimental
compatible_borderline,38032c3c-36da-4e91-9376-cf698876acfc,central_calabria,current_high_confidence,0.6990795235607693,compatible,Compatibile diagnostico,10.944710546147059,ge_5_00_ha,79,1,51_100,singlepart,True,False,False,True,False,False,regional_reliability_score_exp_v3,experimental
compatible_borderline,b097d6c3-4b9f-4e60-b144-71b5e94c1448,north_calabria,added_candidate,0.6989399788637185,compatible,Compatibile diagnostico,10.859249798778523,ge_5_00_ha,563,1,gt_250,singlepart,False,False,False,True,False,True,regional_reliability_score_exp_v3,experimental
compatible_borderline,68337a4f-9912-4a79-a666-8772317c2fcc,central_calabria,current_high_confidence,0.6989133362641317,compatible,Compatibile diagnostico,11.248596049511995,ge_5_00_ha,77,1,51_100,singlepart,True,False,False,True,False,False,regional_reliability_score_exp_v3,experimental
compatible_borderline,e89e36f2-8892-4697-a562-ee3c6d2dae09,north_calabria,added_candidate,0.6988423942267783,compatible,Compatibile diagnostico,12.2429479774183,ge_5_00_ha,976,1,gt_250,singlepart,False,False,False,True,False,True,regional_reliability_score_exp_v3,experimental
compatible_borderline,80660061-f428-43ac-ba55-61feb8de8150,central_calabria,current_high_confidence,0.698756789360546,compatible,Compatibile diagnostico,1.5776517130592411,1_00_2_00_ha,10,1,le_20,singlepart,True,False,False,False,False,False,regional_reliability_score_exp_v3,experimental
compatible_borderline,249b7fed-0294-4f40-a8f3-a0e73ee904e5,south_calabria,added_candidate,0.6986725226074108,compatible,Compatibile diagnostico,23.795507789815318,ge_5_00_ha,224,1,101_250,singlepart,False,False,False,True,False,False,regional_reliability_score_exp_v3,experimental
compatible_borderline,e1a54520-01c5-4035-8b9c-47e04f435071,central_calabria,current_high_confidence,0.6985850885735866,compatible,Compatibile diagnostico,8.000587923241838,ge_5_00_ha,129,1,101_250,singlepart,True,False,False,True,False,False,regional_reliability_score_exp_v3,experimental
compatible_borderline,fafe3793-1175-4b91-a421-81377ce4989e,north_calabria,current_high_confidence,0.6981856640713936,compatible,Compatibile diagnostico,3.3878376277772064,2_00_5_00_ha,143,1,101_250,singlepart,True,False,False,False,False,False,regional_reliability_score_exp_v3,experimental
compatible_borderline,0bb811b4-978a-4a39-8642-fefc93e7a943,central_calabria,added_candidate,0.6981339238537773,compatible,Compatibile diagnostico,16.589778987511412,ge_5_00_ha,697,1,gt_250,singlepart,False,False,False,True,False,True,regional_reliability_score_exp_v3,experimental
compatible_borderline,71be887b-d04d-4516-9a08-50a5e92a4ad8,central_calabria,current_high_confidence,0.6981044846192423,compatible,Compatibile diagnostico,3.7684486568441944,2_00_5_00_ha,109,1,101_250,singlepart,True,False,False,False,False,False,regional_reliability_score_exp_v3,experimental
compatible_borderline,7c016b74-2380-4788-9964-973203eda413,south_calabria,added_candidate,0.6980614160930457,compatible,Compatibile diagnostico,20.566949835045346,ge_5_00_ha,109,1,101_250,singlepart,False,False,False,True,False,False,regional_reliability_score_exp_v3,experimental
compatible_borderline,08b72886-d769-44ac-a7f1-4e556cfa849d,central_calabria,current_high_confidence,0.6979636323576843,compatible,Compatibile diagnostico,9.506377496898217,ge_5_00_ha,137,1,101_250,singlepart,True,False,False,True,False,False,regional_reliability_score_exp_v3,experimental
compatible_borderline,8deceadf-5783-4cba-9f65-335af3fb751d,central_calabria,current_high_confidence,0.6979208440191477,compatible,Compatibile diagnostico,2.1839920879419927,2_00_5_00_ha,12,1,le_20,singlepart,True,False,False,False,False,False,regional_reliability_score_exp_v3,experimental
compatible_borderline,f37f51fa-ad12-445b-98b0-7c37e37f1448,north_calabria,current_high_confidence,0.6979040623296076,compatible,Compatibile diagnostico,3.085584621985176,2_00_5_00_ha,122,1,101_250,singlepart,True,False,False,False,False,False,regional_reliability_score_exp_v3,experimental
compatible_borderline,7c5ee0d0-f4d8-4a00-949f-a9b0138ed878,central_calabria,current_high_confidence,0.6979036153930972,compatible,Compatibile diagnostico,4.5424761296614635,2_00_5_00_ha,136,1,101_250,singlepart,True,False,False,False,False,False,regional_reliability_score_exp_v3,experimental
compatible_borderline,abdc9bd4-4482-4a43-99b8-8896dbeb23ed,central_calabria,current_high_confidence,0.6978175737331024,compatible,Compatibile diagnostico,7.535816381638561,ge_5_00_ha,104,1,101_250,singlepart,True,False,False,True,False,False,regional_reliability_score_exp_v3,experimental
compatible_borderline,1a77bf40-cb8d-4407-a5a1-76da76786204,north_calabria,added_candidate,0.6978066125453387,compatible,Compatibile diagnostico,11.609965955263483,ge_5_00_ha,912,1,gt_250,singlepart,False,False,False,True,False,True,regional_reliability_score_exp_v3,experimental
compatible_borderline,901d338c-bf21-4ece-8026-4f34c7e39bfd,south_calabria,added_candidate,0.6977612607273408,compatible,Compatibile diagnostico,22.141173164897623,ge_5_00_ha,639,1,gt_250,singlepart,False,False,False,True,False,True,regional_reliability_score_exp_v3,experimental
compatible_borderline,ea53f9fd-27b6-42aa-98a5-8bfb4b0e35c1,central_calabria,added_candidate,0.6977189250873124,compatible,Compatibile diagnostico,17.019192047478075,ge_5_00_ha,418,1,gt_250,singlepart,False,False,False,True,False,True,regional_reliability_score_exp_v3,experimental
compatible_borderline,325b5373-6861-4165-a339-7bc372d645f1,north_calabria,added_candidate,0.697707880845232,compatible,Compatibile diagnostico,10.651878557114609,ge_5_00_ha,371,1,gt_250,singlepart,False,False,False,True,False,True,regional_reliability_score_exp_v3,experimental
compatible_borderline,1ca1333a-0dee-4b23-b386-c7ded2d1cf64,north_calabria,current_high_confidence,0.6976820138592486,compatible,Compatibile diagnostico,3.3078681329705395,2_00_5_00_ha,133,1,101_250,singlepart,True,False,False,False,False,False,regional_reliability_score_exp_v3,experimental
compatible_borderline,c8103dff-83cf-4e03-acc7-0f49dafbdaeb,central_calabria,added_candidate,0.6976154743376947,compatible,Compatibile diagnostico,17.23374176366763,ge_5_00_ha,422,1,gt_250,singlepart,False,False,False,True,False,True,regional_reliability_score_exp_v3,experimental
compatible_borderline,2868669b-dc98-4c67-a56d-465b22d94139,north_calabria,added_candidate,0.6975818693293119,compatible,Compatibile diagnostico,3.657541157669059,2_00_5_00_ha,197,1,101_250,singlepart,False,False,False,False,False,False,regional_reliability_score_exp_v3,experimental
compatible_borderline,20abed91-c489-4b9e-bb0f-b72bf448bb06,north_calabria,added_candidate,0.6974258061062468,compatible,Compatibile diagnostico,12.463735715140036,ge_5_00_ha,929,1,gt_250,singlepart,False,False,False,True,False,True,regional_reliability_score_exp_v3,experimental
compatible_borderline,3b8f31b6-28c2-4c24-8e8e-d17f7529f385,central_calabria,added_candidate,0.697421536883093,compatible,Compatibile diagnostico,17.39112579856737,ge_5_00_ha,408,1,gt_250,singlepart,False,False,False,True,False,True,regional_reliability_score_exp_v3,experimental
compatible_borderline,48382e42-5690-4ef1-b39d-f287f442e67a,central_calabria,added_candidate,0.6973803924054448,compatible,Compatibile diagnostico,15.920800021273035,ge_5_00_ha,594,1,gt_250,singlepart,False,False,False,True,False,True,regional_reliability_score_exp_v3,experimental
low_borderline,8682c833-c6bf-43d7-8c60-5b505be389d1,north_calabria,added_candidate,0.49999304284548113,low,Bassa affidabilità diagnostica,2.160387878291127,2_00_5_00_ha,283,1,gt_250,singlepart,False,False,False,False,False,True,regional_reliability_score_exp_v3,experimental
low_borderline,9b8aa5c0-889d-4e11-8e3e-f484b6855eb8,central_calabria,current_high_confidence,0.4999887963916491,low,Bassa affidabilità diagnostica,1.764624151997444,1_00_2_00_ha,102,1,101_250,singlepart,True,False,False,False,False,False,regional_reliability_score_exp_v3,experimental
low_borderline,c5c9bd7b-d86e-4665-a704-c134622d6aa9,north_calabria,added_candidate,0.4999862572278236,low,Bassa affidabilità diagnostica,2.4316597830029636,2_00_5_00_ha,344,1,gt_250,singlepart,False,False,False,False,False,True,regional_reliability_score_exp_v3,experimental
low_borderline,b5b1cfc0-1419-47fb-9ef6-ec06eef893e8,north_calabria,current_high_confidence,0.4999836008261635,low,Bassa affidabilità diagnostica,0.7841372132927562,0_50_1_00_ha,149,1,101_250,singlepart,True,False,False,False,True,False,regional_reliability_score_exp_v3,experimental
low_borderline,760cb17a-e55d-4a8d-b7aa-53afa2d82d42,north_calabria,current_high_confidence,0.49998352626882275,low,Bassa affidabilità diagnostica,0.7830709253435076,0_50_1_00_ha,106,1,101_250,singlepart,True,False,False,False,True,False,regional_reliability_score_exp_v3,experimental
low_borderline,ed6feba5-24d8-45fb-b029-8daf365a592c,north_calabria,current_high_confidence,0.499976907308026,low,Bassa affidabilità diagnostica,0.6927271336586723,0_50_1_00_ha,151,1,101_250,singlepart,True,False,False,False,True,False,regional_reliability_score_exp_v3,experimental
low_borderline,6fdc3bd6-fc6f-48f4-aa27-c24200059848,central_calabria,current_high_confidence,0.4999643697786934,low,Bassa affidabilità diagnostica,5.221230799605255,ge_5_00_ha,78,1,51_100,singlepart,True,False,False,True,False,False,regional_reliability_score_exp_v3,experimental
low_borderline,58f3b912-675f-437c-b637-914705d4dfc2,central_calabria,added_candidate,0.4999602356254089,low,Bassa affidabilità diagnostica,7.22862536225548,ge_5_00_ha,257,1,gt_250,singlepart,False,False,False,True,False,True,regional_reliability_score_exp_v3,experimental
low_borderline,5835ea7d-c291-4559-ba6b-f86c87f8db97,north_calabria,current_high_confidence,0.4999312779042489,low,Bassa affidabilità diagnostica,0.8430512805669741,0_50_1_00_ha,146,1,101_250,singlepart,True,False,False,False,True,False,regional_reliability_score_exp_v3,experimental
low_borderline,c191ee15-b94a-4f54-9f9f-691969072d56,central_calabria,current_high_confidence,0.4999186646385742,low,Bassa affidabilità diagnostica,0.7772474046680535,0_50_1_00_ha,18,1,le_20,singlepart,True,False,False,False,True,False,regional_reliability_score_exp_v3,experimental
low_borderline,e14a6370-ac2a-443a-af1c-f39363175d8f,north_calabria,current_high_confidence,0.49991223742181345,low,Bassa affidabilità diagnostica,0.9534539225621953,0_50_1_00_ha,152,1,101_250,singlepart,True,False,False,False,True,False,regional_reliability_score_exp_v3,experimental
low_borderline,3b79228c-b0a9-4280-8663-789986f9d428,central_calabria,current_high_confidence,0.49990325310567973,low,Bassa affidabilità diagnostica,2.1553465656867523,2_00_5_00_ha,87,1,51_100,singlepart,True,False,False,False,False,False,regional_reliability_score_exp_v3,experimental
low_borderline,c7fea77e-28e4-47d0-a3d4-c6353875db81,central_calabria,current_high_confidence,0.49990293398440033,low,Bassa affidabilità diagnostica,0.5818563254655617,0_50_1_00_ha,10,1,le_20,singlepart,True,False,False,False,True,False,regional_reliability_score_exp_v3,experimental
low_borderline,85ef87d0-7ec9-4443-906c-f5b6391b2c97,central_calabria,current_high_confidence,0.49990159276271084,low,Bassa affidabilità diagnostica,3.1486835055866664,2_00_5_00_ha,21,1,21_50,singlepart,True,False,False,False,False,False,regional_reliability_score_exp_v3,experimental
low_borderline,b9f34e72-51e1-4da4-b654-fd3e23f94e37,central_calabria,added_candidate,0.4998837496925407,low,Bassa affidabilità diagnostica,7.576106448275862,ge_5_00_ha,323,1,gt_250,singlepart,False,False,False,True,False,True,regional_reliability_score_exp_v3,experimental
low_borderline,1de8900c-40e6-497a-8ad8-a5bd2e87940f,north_calabria,added_candidate,0.4998823517502829,low,Bassa affidabilità diagnostica,5.038860756073561,ge_5_00_ha,875,1,gt_250,singlepart,False,False,False,True,False,True,regional_reliability_score_exp_v3,experimental
low_borderline,f97cbe1a-1b51-4df0-9ffd-1e49b2bbcee6,north_calabria,current_high_confidence,0.49986958604686255,low,Bassa affidabilità diagnostica,0.868172082097455,0_50_1_00_ha,166,1,101_250,singlepart,True,False,False,False,True,False,regional_reliability_score_exp_v3,experimental
low_borderline,3e9f9ee4-923d-47dd-acdc-94e52f3a4968,north_calabria,current_high_confidence,0.4998603105082037,low,Bassa affidabilità diagnostica,0.9596168934995005,0_50_1_00_ha,123,1,101_250,singlepart,True,False,False,False,True,False,regional_reliability_score_exp_v3,experimental
low_borderline,03548d4b-f68e-4d85-8952-44c2093ed418,south_calabria,current_high_confidence,0.49985311024817386,low,Bassa affidabilità diagnostica,6.330231479773718,ge_5_00_ha,102,1,101_250,singlepart,True,False,False,True,False,False,regional_reliability_score_exp_v3,experimental
low_borderline,dbc2bee7-0c49-478c-9e0d-643e8049073d,north_calabria,current_high_confidence,0.49984914735437275,low,Bassa affidabilità diagnostica,1.3192023777157806,1_00_2_00_ha,68,1,51_100,singlepart,True,False,False,False,False,False,regional_reliability_score_exp_v3,experimental
low_borderline,174c9cda-91b7-42cf-a87d-830bf21d481d,central_calabria,current_high_confidence,0.49984846131732696,low,Bassa affidabilità diagnostica,0.8769675066905249,0_50_1_00_ha,6,1,le_20,singlepart,True,False,False,False,True,False,regional_reliability_score_exp_v3,experimental
low_borderline,07254840-8c1c-42a4-933c-1c308e76f4d5,central_calabria,added_candidate,0.49984464636729714,low,Bassa affidabilità diagnostica,5.473015629583513,ge_5_00_ha,209,1,101_250,singlepart,False,False,False,True,False,False,regional_reliability_score_exp_v3,experimental
low_borderline,963c7cc3-ec70-4419-910d-312f678d72c6,central_calabria,current_high_confidence,0.499844017706097,low,Bassa affidabilità diagnostica,0.6218893008915326,0_50_1_00_ha,15,1,le_20,singlepart,True,False,False,False,True,False,regional_reliability_score_exp_v3,experimental
low_borderline,602c71c8-8870-44e6-8820-a67dd3b52f74,central_calabria,added_candidate,0.4998121732799002,low,Bassa affidabilità diagnostica,4.22022203869702,2_00_5_00_ha,293,1,gt_250,singlepart,False,False,False,False,False,True,regional_reliability_score_exp_v3,experimental
low_borderline,ed89eb94-adc1-4138-9e75-d9cb77739b39,north_calabria,added_candidate,0.4998118640757209,low,Bassa affidabilità diagnostica,2.270223150590256,2_00_5_00_ha,260,1,gt_250,singlepart,False,False,False,False,False,True,regional_reliability_score_exp_v3,experimental
low_borderline,013666e9-e162-440c-a3c3-3dfba6fdd905,central_calabria,added_candidate,0.49978916189148215,low,Bassa affidabilità diagnostica,8.342639616191319,ge_5_00_ha,844,1,gt_250,singlepart,False,False,False,True,False,True,regional_reliability_score_exp_v3,experimental
low_borderline,795c3506-a844-4a7a-8766-9af54a87bdc6,north_calabria,current_high_confidence,0.49977708609024807,low,Bassa affidabilità diagnostica,0.737926630396949,0_50_1_00_ha,159,1,101_250,singlepart,True,False,False,False,True,False,regional_reliability_score_exp_v3,experimental
low_borderline,f8386340-8a3c-4ed8-8cbd-e85c8242d20b,north_calabria,current_high_confidence,0.49976310096127574,low,Bassa affidabilità diagnostica,0.9245469432547516,0_50_1_00_ha,137,1,101_250,singlepart,True,False,False,False,True,False,regional_reliability_score_exp_v3,experimental
low_borderline,a958d2b4-b381-4d4b-b4ba-195e16d1ab8e,north_calabria,added_candidate,0.4997482047572586,low,Bassa affidabilità diagnostica,2.4675878216245315,2_00_5_00_ha,392,1,gt_250,singlepart,False,False,False,False,False,True,regional_reliability_score_exp_v3,experimental
low_borderline,7dae79b5-fd6e-4512-b2b1-1215f1a8b5d0,central_calabria,current_high_confidence,0.49974565670374604,low,Bassa affidabilità diagnostica,1.8001142970637138,1_00_2_00_ha,102,1,101_250,singlepart,True,False,False,False,False,False,regional_reliability_score_exp_v3,experimental
low_borderline,86cddabd-6157-492b-a7ec-5ca4b6e323f0,central_calabria,current_high_confidence,0.499723975300829,low,Bassa affidabilità diagnostica,1.7487217884283146,1_00_2_00_ha,70,1,51_100,singlepart,True,False,False,False,False,False,regional_reliability_score_exp_v3,experimental
low_borderline,3d880eed-55c6-4a37-bb81-9a53e097e921,north_calabria,added_candidate,0.49972217979065037,low,Bassa affidabilità diagnostica,1.143963488274369,1_00_2_00_ha,201,1,101_250,singlepart,False,False,False,False,False,False,regional_reliability_score_exp_v3,experimental
low_borderline,68c89924-765f-458a-ba55-73cf47d9b674,south_calabria,current_high_confidence,0.4997067264250787,low,Bassa affidabilità diagnostica,4.178002629091117,2_00_5_00_ha,107,1,101_250,singlepart,True,False,False,False,False,False,regional_reliability_score_exp_v3,experimental
low_borderline,67358229-4f88-4f80-963e-5a5f55d6c6e7,south_calabria,current_high_confidence,0.4996881857105962,low,Bassa affidabilità diagnostica,7.262118008458021,ge_5_00_ha,147,1,101_250,singlepart,True,False,False,True,False,False,regional_reliability_score_exp_v3,experimental
low_borderline,1bd71883-5124-4b9e-abbe-f1a208b2b726,central_calabria,added_candidate,0.4996854130286233,low,Bassa affidabilità diagnostica,5.790395584007841,ge_5_00_ha,218,1,101_250,singlepart,False,False,False,True,False,False,regional_reliability_score_exp_v3,experimental
low_borderline,ac507764-3dc3-412f-a7f7-f959734aee55,central_calabria,current_high_confidence,0.4996752995005104,low,Bassa affidabilità diagnostica,2.1430498450723148,2_00_5_00_ha,178,1,101_250,singlepart,True,False,False,False,False,False,regional_reliability_score_exp_v3,experimental
low_borderline,92e3c34e-bc33-461b-a7f9-40c728bf4942,central_calabria,current_high_confidence,0.49967240761241066,low,Bassa affidabilità diagnostica,2.0643809656679784,2_00_5_00_ha,64,1,51_100,singlepart,True,False,False,False,False,False,regional_reliability_score_exp_v3,experimental
low_borderline,2486fa8a-ad1c-4c54-b887-c89f23e21f6f,central_calabria,current_high_confidence,0.4996698498427799,low,Bassa affidabilità diagnostica,1.8095112784003127,1_00_2_00_ha,115,1,101_250,singlepart,True,False,False,False,False,False,regional_reliability_score_exp_v3,experimental
low_borderline,aaeb1714-fba3-4f1c-ac28-a49fc5f68312,north_calabria,added_candidate,0.49966265444777536,low,Bassa affidabilità diagnostica,1.21495257174584,1_00_2_00_ha,184,1,101_250,singlepart,False,False,False,False,False,False,regional_reliability_score_exp_v3,experimental
low_borderline,aee88e8f-f8bf-4ba1-b180-637a0248298c,north_calabria,current_high_confidence,0.4996158616848586,low,Bassa affidabilità diagnostica,1.5339546875199213,1_00_2_00_ha,87,1,51_100,singlepart,True,False,False,False,False,False,regional_reliability_score_exp_v3,experimental
low_bottom,633a1144-9ef1-41f4-964e-9a1c1410712b,south_calabria,added_candidate,0.061547140643813975,low,Bassa affidabilità diagnostica,0.5906549833642384,0_50_1_00_ha,45,1,21_50,singlepart,False,False,False,False,True,False,regional_reliability_score_exp_v3,experimental
low_bottom,73246a4a-73fc-4f19-96eb-2312ed6f2d6a,south_calabria,current_high_confidence,0.0691333240114868,low,Bassa affidabilità diagnostica,0.5128597445637806,0_50_1_00_ha,50,1,21_50,singlepart,True,False,False,False,True,False,regional_reliability_score_exp_v3,experimental
low_bottom,321203a9-8f15-45d3-bbea-89378bd79f55,south_calabria,current_high_confidence,0.06943445096958907,low,Bassa affidabilità diagnostica,0.500085338142984,0_50_1_00_ha,48,1,21_50,singlepart,True,False,False,False,True,False,regional_reliability_score_exp_v3,experimental
low_bottom,f821cbb3-bad6-4fd3-bb35-0cb9ea2f4725,south_calabria,current_high_confidence,0.07048219959226404,low,Bassa affidabilità diagnostica,0.5275871285400197,0_50_1_00_ha,49,1,21_50,singlepart,True,False,False,False,True,False,regional_reliability_score_exp_v3,experimental
low_bottom,b7fcbf1b-97a2-4091-8c77-92b40e866de1,south_calabria,current_high_confidence,0.07087861613294905,low,Bassa affidabilità diagnostica,0.5013330579042397,0_50_1_00_ha,50,1,21_50,singlepart,True,False,False,False,True,False,regional_reliability_score_exp_v3,experimental
low_bottom,8a384f3a-1d51-4b30-a32f-8832395b394c,south_calabria,current_high_confidence,0.07146564971230993,low,Bassa affidabilità diagnostica,0.5327524777260815,0_50_1_00_ha,48,1,21_50,singlepart,True,False,False,False,True,False,regional_reliability_score_exp_v3,experimental
low_bottom,614c8c31-6e54-4456-9615-cde6d12f0b09,south_calabria,current_high_confidence,0.07256576701360769,low,Bassa affidabilità diagnostica,0.5313665714503215,0_50_1_00_ha,49,1,21_50,singlepart,True,False,False,False,True,False,regional_reliability_score_exp_v3,experimental
low_bottom,2c66dd72-837e-4ae7-ab86-927adf3f6878,south_calabria,current_high_confidence,0.07319947409355901,low,Bassa affidabilità diagnostica,0.5210114757159877,0_50_1_00_ha,49,1,21_50,singlepart,True,False,False,False,True,False,regional_reliability_score_exp_v3,experimental
low_bottom,cba425da-3697-4979-8761-ef95dc65e67b,south_calabria,current_high_confidence,0.07361503306747762,low,Bassa affidabilità diagnostica,0.500581139024841,0_50_1_00_ha,38,1,21_50,singlepart,True,False,False,False,True,False,regional_reliability_score_exp_v3,experimental
low_bottom,0c18bf4e-4218-41c9-b917-00587fc226df,south_calabria,current_high_confidence,0.0736370918329626,low,Bassa affidabilità diagnostica,0.5413399910980844,0_50_1_00_ha,45,1,21_50,singlepart,True,False,False,False,True,False,regional_reliability_score_exp_v3,experimental
low_bottom,b3c6c664-8d4b-4c9f-8262-e796a59edce7,south_calabria,current_high_confidence,0.07401988731023561,low,Bassa affidabilità diagnostica,0.5647580652622688,0_50_1_00_ha,46,1,21_50,singlepart,True,False,False,False,True,False,regional_reliability_score_exp_v3,experimental
low_bottom,92daacf7-0bb2-4ae3-a26a-972975de0bed,south_calabria,current_high_confidence,0.07419607251150963,low,Bassa affidabilità diagnostica,0.5464557345800582,0_50_1_00_ha,42,1,21_50,singlepart,True,False,False,False,True,False,regional_reliability_score_exp_v3,experimental
low_bottom,fa4bf9dc-a084-4e22-9ddd-f337878e1f97,south_calabria,current_high_confidence,0.07424397304380671,low,Bassa affidabilità diagnostica,0.5864094917786608,0_50_1_00_ha,47,1,21_50,singlepart,True,False,False,False,True,False,regional_reliability_score_exp_v3,experimental
low_bottom,30b512cb-547b-4d28-9f94-ad12cfd031c8,south_calabria,current_high_confidence,0.07440687423854798,low,Bassa affidabilità diagnostica,0.559724583672744,0_50_1_00_ha,48,1,21_50,singlepart,True,False,False,False,True,False,regional_reliability_score_exp_v3,experimental
low_bottom,f00c7cf8-01d0-42f5-9a86-9afe2b5f4fc9,south_calabria,current_high_confidence,0.0744646988343523,low,Bassa affidabilità diagnostica,0.5194826695852287,0_50_1_00_ha,39,1,21_50,singlepart,True,False,False,False,True,False,regional_reliability_score_exp_v3,experimental
low_bottom,10b8d65e-fb89-4043-a8ba-2aa4b3e2e1c1,south_calabria,current_high_confidence,0.07450506355965011,low,Bassa affidabilità diagnostica,0.5166528230375866,0_50_1_00_ha,46,1,21_50,singlepart,True,False,False,False,True,False,regional_reliability_score_exp_v3,experimental
low_bottom,2131cd1c-9e38-4e30-a1fd-00e6a9318694,south_calabria,current_high_confidence,0.07458357621806985,low,Bassa affidabilità diagnostica,0.5126871915828572,0_50_1_00_ha,43,1,21_50,singlepart,True,False,False,False,True,False,regional_reliability_score_exp_v3,experimental
low_bottom,fb41f299-6ed2-46d7-9686-110a3dd7b840,south_calabria,current_high_confidence,0.07491715270277925,low,Bassa affidabilità diagnostica,0.5789051657202124,0_50_1_00_ha,49,1,21_50,singlepart,True,False,False,False,True,False,regional_reliability_score_exp_v3,experimental
low_bottom,7706f7be-bb20-4243-993a-e95bf4b53ba6,south_calabria,current_high_confidence,0.07496906688658858,low,Bassa affidabilità diagnostica,0.5125981972009371,0_50_1_00_ha,47,1,21_50,singlepart,True,False,False,False,True,False,regional_reliability_score_exp_v3,experimental
low_bottom,f53b867a-fe9a-4613-85e9-a4dbd3e8daff,south_calabria,current_high_confidence,0.07572100765955875,low,Bassa affidabilità diagnostica,0.5554841455457507,0_50_1_00_ha,45,1,21_50,singlepart,True,False,False,False,True,False,regional_reliability_score_exp_v3,experimental
low_bottom,0535ddbf-6606-4789-b091-492762ef1781,south_calabria,current_high_confidence,0.07575111535372436,low,Bassa affidabilità diagnostica,0.5952424742954576,0_50_1_00_ha,48,1,21_50,singlepart,True,False,False,False,True,False,regional_reliability_score_exp_v3,experimental
low_bottom,d518b8fa-abe9-4c3f-afb6-fa920f928f73,south_calabria,current_high_confidence,0.07575609792105152,low,Bassa affidabilità diagnostica,0.5185790171895932,0_50_1_00_ha,48,1,21_50,singlepart,True,False,False,False,True,False,regional_reliability_score_exp_v3,experimental
low_bottom,3f24090a-e79a-4ab2-ba74-2096efe8d5ec,south_calabria,current_high_confidence,0.0757928996973843,low,Bassa affidabilità diagnostica,0.5717507820453694,0_50_1_00_ha,46,1,21_50,singlepart,True,False,False,False,True,False,regional_reliability_score_exp_v3,experimental
low_bottom,d5cb84db-7e05-4847-8822-c98736393150,south_calabria,current_high_confidence,0.07593642169840635,low,Bassa affidabilità diagnostica,0.5083720585269782,0_50_1_00_ha,36,1,21_50,singlepart,True,False,False,False,True,False,regional_reliability_score_exp_v3,experimental
low_bottom,2526534f-cd9b-48bf-beb9-9f7046ce7a5e,south_calabria,current_high_confidence,0.07610265523797657,low,Bassa affidabilità diagnostica,0.5837545488937464,0_50_1_00_ha,50,1,21_50,singlepart,True,False,False,False,True,False,regional_reliability_score_exp_v3,experimental
low_bottom,b4c8ba36-d462-4be3-8231-ed36fca369e3,south_calabria,current_high_confidence,0.0763679527166309,low,Bassa affidabilità diagnostica,0.5302734381744124,0_50_1_00_ha,48,1,21_50,singlepart,True,False,False,False,True,False,regional_reliability_score_exp_v3,experimental
low_bottom,481b0ad4-af3a-4b80-9fa1-7558d580a7b2,south_calabria,current_high_confidence,0.07702373549000971,low,Bassa affidabilità diagnostica,0.5250828526588464,0_50_1_00_ha,50,1,21_50,singlepart,True,False,False,False,True,False,regional_reliability_score_exp_v3,experimental
low_bottom,9f9ccf8c-714c-4582-94a0-ea427fc1276b,south_calabria,current_high_confidence,0.07718212972941847,low,Bassa affidabilità diagnostica,0.5560251367240235,0_50_1_00_ha,47,1,21_50,singlepart,True,False,False,False,True,False,regional_reliability_score_exp_v3,experimental
low_bottom,aa1a8240-83f6-40ce-a008-ca1f9b382e8e,south_calabria,current_high_confidence,0.07748888048208709,low,Bassa affidabilità diagnostica,0.5335404164325387,0_50_1_00_ha,47,1,21_50,singlepart,True,False,False,False,True,False,regional_reliability_score_exp_v3,experimental
low_bottom,81054a81-523c-47e0-b7a2-98076afeaeb5,south_calabria,current_high_confidence,0.07758968443271821,low,Bassa affidabilità diagnostica,0.5344240777239897,0_50_1_00_ha,37,1,21_50,singlepart,True,False,False,False,True,False,regional_reliability_score_exp_v3,experimental
low_bottom,6dea7062-b846-4003-a5b2-d4fa8b6d053a,south_calabria,current_high_confidence,0.07762892642429549,low,Bassa affidabilità diagnostica,0.6371702791976322,0_50_1_00_ha,49,1,21_50,singlepart,True,False,False,False,True,False,regional_reliability_score_exp_v3,experimental
low_bottom,8a42c594-95e1-4780-83a1-b7158346e464,south_calabria,current_high_confidence,0.0776601705885576,low,Bassa affidabilità diagnostica,0.5481531354584058,0_50_1_00_ha,45,1,21_50,singlepart,True,False,False,False,True,False,regional_reliability_score_exp_v3,experimental
low_bottom,f6fbb0c0-cb1a-4c49-9b35-418ac6c9f825,south_calabria,current_high_confidence,0.07795723329863208,low,Bassa affidabilità diagnostica,0.6319329697678819,0_50_1_00_ha,49,1,21_50,singlepart,True,False,False,False,True,False,regional_reliability_score_exp_v3,experimental
low_bottom,fc54da96-b9ee-47cb-94ca-7d1695ef33fd,south_calabria,current_high_confidence,0.07801510645064956,low,Bassa affidabilità diagnostica,0.5113317201982053,0_50_1_00_ha,46,1,21_50,singlepart,True,False,False,False,True,False,regional_reliability_score_exp_v3,experimental
low_bottom,5d4660b2-6af7-43c6-ba14-a59a1e16a304,south_calabria,current_high_confidence,0.07814924538857569,low,Bassa affidabilità diagnostica,0.5515792595744728,0_50_1_00_ha,38,1,21_50,singlepart,True,False,False,False,True,False,regional_reliability_score_exp_v3,experimental
low_bottom,304053d6-1e12-4b8a-82ab-3f3d298b2522,south_calabria,current_high_confidence,0.0782500582905177,low,Bassa affidabilità diagnostica,0.5596323873994393,0_50_1_00_ha,41,1,21_50,singlepart,True,False,False,False,True,False,regional_reliability_score_exp_v3,experimental
low_bottom,ab539704-1164-41f7-8758-fca8ed7517d7,south_calabria,current_high_confidence,0.07844298206590702,low,Bassa affidabilità diagnostica,0.6009613475963794,0_50_1_00_ha,46,1,21_50,singlepart,True,False,False,False,True,False,regional_reliability_score_exp_v3,experimental
low_bottom,9583536c-27b5-4821-aa11-14fce3c747d0,south_calabria,current_high_confidence,0.07864710046723378,low,Bassa affidabilità diagnostica,0.5726416135382683,0_50_1_00_ha,47,1,21_50,singlepart,True,False,False,False,True,False,regional_reliability_score_exp_v3,experimental
low_bottom,b65cb9cc-8678-4885-b69e-981f7757c6b8,south_calabria,current_high_confidence,0.07873494175069748,low,Bassa affidabilità diagnostica,0.6681791933765571,0_50_1_00_ha,50,1,21_50,singlepart,True,False,False,False,True,False,regional_reliability_score_exp_v3,experimental
low_bottom,acccd93f-1a63-4b9e-a7a8-99ca2ea4434c,south_calabria,current_high_confidence,0.07880602651187195,low,Bassa affidabilità diagnostica,0.5392073098498952,0_50_1_00_ha,40,1,21_50,singlepart,True,False,False,False,True,False,regional_reliability_score_exp_v3,experimental
