model_name,held_out_zone,area_id,target,probability
combined_balanced,central_calabria,002b205a-66ef-4245-aff0-d0d208424c29,1,0.7700182442076388
combined_balanced,central_calabria,018750d5-285a-4767-b84b-cb57bff4f0fa,1,0.5582736494842265
combined_balanced,central_calabria,02086d64-3655-449d-93bd-158565b16409,1,0.6265692568288121
combined_balanced,central_calabria,026478dc-4dfa-43dc-baa4-1f31a24c3766,1,0.5092298294582137
combined_balanced,central_calabria,048533a2-7b2c-4208-a850-f45714b97e61,0,0.27289633243476563
combined_balanced,central_calabria,06611573-7622-4e17-88c6-c2cdf3f6450c,1,0.7719731217561286
combined_balanced,central_calabria,0752391a-d005-4a34-8c37-38d287dfbced,1,0.7732017799967662
combined_balanced,central_calabria,08e8a819-3549-44ed-8071-106f8f81c62e,0,0.2153148120799431
combined_balanced,central_calabria,0fdd8d0b-58b4-48b4-91f2-f50da34f6667,1,0.6838196423753841
combined_balanced,central_calabria,18335feb-4f5d-4c38-83b4-6d548893cc1d,0,0.19881125251711348
combined_balanced,central_calabria,1cc02c24-7700-4eb8-a8a0-20446c75380c,1,0.1511387337802743
combined_balanced,central_calabria,2189620a-40ad-4c2a-977a-096eec44a72b,1,0.23435503628448845
combined_balanced,central_calabria,23cc46eb-3a72-43f5-ae70-4c4b630362b9,1,0.05239971831544784
combined_balanced,central_calabria,27ba227f-9253-491d-8581-7751d3ad79a7,1,0.534225132711399
combined_balanced,central_calabria,2b881276-810d-472c-922d-6a8af80f10a9,1,0.7651366934885346
combined_balanced,central_calabria,314897f6-b485-47d7-8275-42a8420ffdc3,1,0.4115377903560045
combined_balanced,central_calabria,319434f5-fa02-4152-9f7a-84e9b2751b7e,1,0.8966818897622241
combined_balanced,central_calabria,325c910c-85ba-4274-a12d-2347def792c0,1,0.6536082197482027
combined_balanced,central_calabria,33519d66-3bd6-4946-b405-933736b7c5b5,1,0.9041697344425526
combined_balanced,central_calabria,33e1f332-2116-4cdf-a683-57894654f7c8,1,0.21026595654677993
combined_balanced,central_calabria,35db8036-f229-4454-adcb-66d5ae3d75b7,1,0.8115828133514703
combined_balanced,central_calabria,380889f9-3710-4693-b0cf-c3e2658c5ade,1,0.5564192353455744
combined_balanced,central_calabria,38ed5b18-1453-46fa-89c0-9d00e74cdfc0,1,0.4197360808401628
combined_balanced,central_calabria,3a1e4cb8-6e0f-4ca8-b78a-afa54373698c,1,0.8452306643965847
combined_balanced,central_calabria,3ad21c01-982e-4a6f-aaf8-3504c6640519,1,0.17399374722940042
combined_balanced,central_calabria,3d0fa030-ee0c-440d-b274-efc176c8288b,1,0.3329955977389379
combined_balanced,central_calabria,3efc03cb-1709-441c-abde-6325b026fa7b,1,0.6518535537316442
combined_balanced,central_calabria,407b6fa5-47fe-40cf-b49d-278d5b55c65a,0,0.011022226031815229
combined_balanced,central_calabria,40fc9618-d1f4-4c59-9e20-d75132070004,0,0.020223385059950045
combined_balanced,central_calabria,41280d99-1993-4f8f-94ec-15749c438a22,1,0.4735150640219714
combined_balanced,central_calabria,44b37f6e-6824-433b-9ff9-77b2fae9b25a,1,0.3688331277993556
combined_balanced,central_calabria,4a8854f3-5208-4457-96ec-2da6277c2686,0,0.2637230432687436
combined_balanced,central_calabria,4e7bb0b4-4f7e-44e0-9520-84f4c6220d18,0,0.6393505681213819
combined_balanced,central_calabria,4f8794fd-2765-405c-8191-97e44205b5d8,1,0.7887496510672546
combined_balanced,central_calabria,52af5ab2-0b9e-4f94-930c-209d9e8e5c66,1,0.8405292927670056
combined_balanced,central_calabria,568b32de-d4d1-4a7f-829b-6fcd0c1f5da5,1,0.4821346643605402
combined_balanced,central_calabria,58f91fa1-e590-42a3-947a-d014071eb8d1,1,0.48876160403727087
combined_balanced,central_calabria,60f32136-c60e-4193-a042-e4875dd39cd9,0,0.1206351481474862
combined_balanced,central_calabria,6186b338-eff2-48df-8bc0-bf22e17bd285,1,0.9208787938181079
combined_balanced,central_calabria,64542385-492d-46a4-b453-71de46738c92,1,0.7727964458955295
combined_balanced,central_calabria,64d40ec6-5a34-42b8-8554-b6fa5decb176,1,0.7774814025216794
combined_balanced,central_calabria,67094e79-5155-4900-a2aa-8fdb6c61c030,1,0.7568971969704175
combined_balanced,central_calabria,695afdee-94b2-4382-97a0-d62d8fe31a43,1,0.3143612027901122
combined_balanced,central_calabria,6990286b-a934-43a5-959c-8e9d5b516c98,1,0.7896073472537889
combined_balanced,central_calabria,69e1438b-c7d3-4345-ace2-bf38a9d28503,1,0.42665414969861354
combined_balanced,central_calabria,6a0c0b44-ff05-4dce-b2ac-16649ab61c3d,1,0.056498133447620676
combined_balanced,central_calabria,6b350121-eb41-48b9-b404-2c0eacb8e16f,1,0.6500827442679137
combined_balanced,central_calabria,70919431-0788-4358-b6c7-2609f1053937,0,0.08742475481231955
combined_balanced,central_calabria,70a7cd21-9650-4dbb-9c9f-5bd66f8056c3,1,0.918119993494577
combined_balanced,central_calabria,7252e5b1-69af-4762-99dd-fccff33e4904,1,0.43004347069844856
combined_balanced,central_calabria,7b92f856-4a89-439b-9f50-423993f88d67,1,0.22349018800186782
combined_balanced,central_calabria,834c8845-e28e-4085-97d9-2711175e715d,1,0.6522087358174772
combined_balanced,central_calabria,874750df-a4f7-4bd3-ade2-2f9b44fd0936,1,0.737948867388288
combined_balanced,central_calabria,8d910ba5-2704-451f-ac69-ae436abe4552,1,0.570609640812617
combined_balanced,central_calabria,8de06204-8f30-43c0-8288-3245cb515c58,1,0.9122578261681129
combined_balanced,central_calabria,9586c79a-3114-4af5-b599-ef0046f945b2,1,0.6114650506488863
combined_balanced,central_calabria,95fb236b-d4fc-4957-a784-958617f071bb,1,0.5928246562085044
combined_balanced,central_calabria,962f5054-7f10-4775-9bbb-b6cb21d8cd66,1,0.5279427838545138
combined_balanced,central_calabria,987eb6e5-f160-43eb-a2de-42c1cc49c979,1,0.5733369536110986
combined_balanced,central_calabria,9b08ca1f-9ff0-4317-9d8f-d81da5dbf94e,0,0.03478521239336314
combined_balanced,central_calabria,9d875ecc-a441-4815-b201-adcc0b09c4de,0,0.7938521982941594
combined_balanced,central_calabria,9d971bf2-95a7-4301-976f-8f2e82c68255,1,0.6866698196841237
combined_balanced,central_calabria,a12b9fb2-3d04-477b-a3c2-472a96fee8d0,1,0.5242452079400957
combined_balanced,central_calabria,a28481aa-6f9e-498e-92e3-1f6f0402f8c6,1,0.6695250108442978
combined_balanced,central_calabria,a31d6ff4-7b78-4d7c-b2a4-7ade7c149a95,0,0.016554383944413196
combined_balanced,central_calabria,a539464f-adf6-4b3c-9c02-badd36600851,1,0.49265390197371417
combined_balanced,central_calabria,a6ffe262-54f7-4081-a546-94eb1c5ba27c,1,0.7198723000357675
combined_balanced,central_calabria,a849ac36-6d69-4b73-b8be-c50efdef9637,1,0.8614821147546269
combined_balanced,central_calabria,ab8b74f1-aa18-422a-827d-44eefd01b2e8,1,0.6389513625453078
combined_balanced,central_calabria,b0bef4b1-59ae-41f4-8662-8aee92560c24,1,0.2962089955107643
combined_balanced,central_calabria,b100b4af-3cd4-4281-8e00-23836e4bb0c2,1,0.3366808413596075
combined_balanced,central_calabria,b403791c-f415-4f93-a283-4a42348cc884,1,0.7090958803114016
combined_balanced,central_calabria,b9283d12-368c-4cfd-9d70-ad09219dccff,1,0.8732620820919488
combined_balanced,central_calabria,bae68644-7473-4023-a420-1087d388429a,1,0.6914548562691921
combined_balanced,central_calabria,cae37c5a-d739-4056-b566-9d4c0dfbab92,1,0.3099537800715228
combined_balanced,central_calabria,cb098c94-9e0c-4efd-9fdf-e072bdbf799e,1,0.9792503290950859
combined_balanced,central_calabria,cb652ebb-5e9f-42f9-a97a-5956ec2cab7c,1,0.9518568842056617
combined_balanced,central_calabria,ce62d29c-d19f-49ca-a69b-bf8375300ab8,1,0.06895733222372821
combined_balanced,central_calabria,ce6fc4d0-9e9f-4e49-bd11-35d27b7892fe,1,0.7374059491985432
combined_balanced,central_calabria,d04fc3d9-e103-48e5-ac84-acb37ff7e23b,1,0.5622673256083761
combined_balanced,central_calabria,d11b74c7-0707-4609-9e17-5370835a8434,1,0.8625083471756054
combined_balanced,central_calabria,d213ebef-79cd-4c88-89d8-09276018d836,0,0.10162474658598075
combined_balanced,central_calabria,da355dd0-92ed-4741-9339-8cfa06920199,0,0.03999887729781448
combined_balanced,central_calabria,df2611ec-8650-4051-9b7e-f345a5cf8b09,1,0.858739183649993
combined_balanced,central_calabria,dfa634d7-439a-4b2b-8f40-681bbeb3e8b2,1,0.6633342780925507
combined_balanced,central_calabria,e7602f95-abd5-4c86-8585-8c221da829be,1,0.8701057693390704
combined_balanced,central_calabria,e81d287e-8b06-4782-91ac-9d7c74e701bc,1,0.21584767907815752
combined_balanced,central_calabria,ea61c138-c377-444a-b669-c39d84e87350,1,0.7161547551046245
combined_balanced,central_calabria,ecc27547-8ab6-4724-8b86-b877b3957f93,1,0.863256285066683
combined_balanced,central_calabria,f41427d4-2eec-4342-afda-f7b91abfecf6,1,0.6669659789988382
combined_balanced,central_calabria,f5b5b142-51cf-422c-be5d-bb1030b5104b,1,0.4887659181579815
combined_balanced,central_calabria,f97be8f0-b9fd-4bea-8f5a-45f57bf2bc3e,0,0.002839375773920054
combined_balanced,central_calabria,f9c3a864-b06d-436a-bb5e-3c69a7f838b6,0,0.2970398358383769
combined_balanced,central_calabria,fbcbbe83-5fc0-4da4-8a51-dc723b489103,0,0.0805469696249187
combined_balanced,central_calabria,ff29589f-3103-4277-b455-f478488dc77c,0,0.539105429487194
combined_balanced,north_calabria,007abe55-e5c6-4770-8aa1-9a44b56118d1,1,0.7576422254433539
combined_balanced,north_calabria,0125be16-f40c-41ac-8672-9d2bd49b8330,1,0.9680060173710708
combined_balanced,north_calabria,01375f8d-1b47-4577-8fbb-267c9741fec8,1,0.3007109627071919
combined_balanced,north_calabria,0178afdd-dc28-4c5a-9db0-cf2560762c21,1,0.17432718091702404
combined_balanced,north_calabria,0651ef0e-b828-406a-947e-f6b311c8d2fe,1,0.22762292262630598
combined_balanced,north_calabria,06da04de-4550-495c-9e75-f936a2c36b47,1,0.17461159705803836
combined_balanced,north_calabria,0732c236-15e5-45ab-a8b8-1401bb532ae8,1,0.5202209019472576
combined_balanced,north_calabria,0748a84b-5fc8-4728-a099-572f6b022b72,1,0.23398021417407455
combined_balanced,north_calabria,077a22c8-0019-400b-9000-1f39cc5d0b39,1,0.9570218410742715
combined_balanced,north_calabria,07be58b6-ef77-4aae-9631-45856f71660d,1,0.8110844825238134
combined_balanced,north_calabria,09a49418-d48b-40a9-abb6-8f0da5637e75,1,0.7156731489256937
combined_balanced,north_calabria,0a7d3c16-632d-4000-a848-91ea92007318,0,0.2460757729120343
combined_balanced,north_calabria,0b877e85-da03-4389-a9d0-3dfad92cc4a3,0,0.051419558325262335
combined_balanced,north_calabria,0c3ef04e-773b-432e-98de-dfda0db083c6,1,0.6395739163366118
combined_balanced,north_calabria,0d70d971-b04e-4c14-8f58-96d3af297c10,1,0.8857973296288785
combined_balanced,north_calabria,10043020-6379-40ee-b6fb-50cba1f39c71,1,0.9033636062953915
combined_balanced,north_calabria,1084cbf8-b18a-4e34-a7c5-a824e63a55e1,1,0.7185340596098969
combined_balanced,north_calabria,10c43020-8cd0-41d5-ad2f-c887e5806535,1,0.9622743912645649
combined_balanced,north_calabria,11553afb-2509-432d-aa21-5c1185c9c4a3,1,0.9868726725050423
combined_balanced,north_calabria,12acd1cf-dd01-453b-afb8-aebeffae6577,1,0.10783427611084268
combined_balanced,north_calabria,1385529a-1392-436d-9ac0-02421c7c3729,1,0.44554845833390516
combined_balanced,north_calabria,14b011ae-c028-4515-82b2-cd39996d7a33,1,0.8780613715604803
combined_balanced,north_calabria,156c4f03-a080-456f-a61e-7f322628ebac,1,0.8219763722413704
combined_balanced,north_calabria,166368a4-21e1-422f-98f6-3f9f651a8e36,1,0.7033717656849603
combined_balanced,north_calabria,17291e32-3365-4f35-8ca4-4734c10f3cca,1,0.3916108982894598
combined_balanced,north_calabria,18e2d9e8-6f8e-43c4-9542-0f63b3729bd2,1,0.5064576837893552
combined_balanced,north_calabria,1a598ff1-1141-4d45-a696-00ecc9d2eb25,1,0.40338531718524695
combined_balanced,north_calabria,1caad9e5-3cdc-4531-8b8f-f731e92fa6bf,0,0.21653238288697815
combined_balanced,north_calabria,1ccaf99d-d14a-4094-87f1-c25730f927d8,1,0.01429608043307
combined_balanced,north_calabria,1dae1cc8-9433-4596-9783-b0603717dba7,1,0.253068392563899
combined_balanced,north_calabria,1f65d9d2-af2b-4f2c-94e8-28edff449ec0,1,0.6937780888065262
combined_balanced,north_calabria,208f5adc-6851-4b9a-8ddb-0c15e4c76e8c,1,0.89789643136285
combined_balanced,north_calabria,2382ef96-5c32-427e-afaa-2fb95e3feaae,1,0.24495185121389554
combined_balanced,north_calabria,23d6058a-60a2-4fa1-a608-c0e81561ad4f,0,0.41694626925670814
combined_balanced,north_calabria,23fd7b49-5f72-43c7-b44b-efdc9c82720f,1,0.21456667405131274
combined_balanced,north_calabria,25468458-e458-4620-a513-b5125d0a1c00,1,0.8103027985213619
combined_balanced,north_calabria,25b193c3-7321-4092-92d5-0d9ac46bbcab,1,0.8966471539488784
combined_balanced,north_calabria,25dc774a-34ae-48d7-ab92-caf34852d21b,1,0.8909042683556289
combined_balanced,north_calabria,286a95e9-206b-4925-8304-21182e129a45,1,0.26819670708117177
combined_balanced,north_calabria,293587f3-cf98-4e78-a782-cac355237d88,1,0.4527856917296639
combined_balanced,north_calabria,29993089-3877-4657-86e5-2988e5a10017,0,0.06747705001332087
combined_balanced,north_calabria,2d07dccd-ec34-41b3-acd8-9f34f31d3f46,0,0.16832897279420211
combined_balanced,north_calabria,2dbaefcf-ec49-4c81-9bb3-d0a33360de7a,1,0.6583365330224774
combined_balanced,north_calabria,2fe533aa-a325-4ce8-96d4-01412b32ef1d,1,0.2435240471334903
combined_balanced,north_calabria,3254fd56-4a43-438c-af85-d01b3d630793,0,0.0031217335085822885
combined_balanced,north_calabria,33128212-182b-4dee-9028-69d453e644ca,1,0.4644263454502029
combined_balanced,north_calabria,353900eb-844b-4f8a-9344-3210e5c02b65,1,0.22704052599672728
combined_balanced,north_calabria,380a008b-755b-499f-b0cb-905f79a86106,0,0.05307967204035091
combined_balanced,north_calabria,3af5b248-6783-4142-b9c2-9e1ce8b9fba7,1,0.5713729060352353
combined_balanced,north_calabria,3c83ff0e-8a32-46ff-96b7-eb031d477178,1,0.945897176968874
combined_balanced,north_calabria,3cecd09e-14e4-4291-92f0-929f6d8f09e6,1,0.16889285875231586
combined_balanced,north_calabria,3dddcf51-365c-4ab4-b911-1ea05f2fa911,1,0.4152039696900507
combined_balanced,north_calabria,3f325802-20ec-46e8-b0be-fc65ce515648,1,0.9673615267091187
combined_balanced,north_calabria,40292ea6-7755-4f97-8e8c-9346562dc6e7,1,0.8883527119720851
combined_balanced,north_calabria,41721387-75f4-40cd-ae48-ee1cf3f90d92,1,0.9932050058279963
combined_balanced,north_calabria,4351489a-9018-4259-b4bc-346c31c18754,1,0.5039260595059237
combined_balanced,north_calabria,43f09e2d-95e5-47f6-8f2a-88f367506cfb,1,0.8445781250879137
combined_balanced,north_calabria,44aa22d9-54e4-4ac9-b75b-64ddaccdfc5c,1,0.9575882194124353
combined_balanced,north_calabria,4518b2a7-3341-40d5-8b93-720efe4f5af7,1,0.9138930256255019
combined_balanced,north_calabria,466946c4-5b48-4854-8863-f240946db251,1,0.21395427505712603
combined_balanced,north_calabria,47069a53-e55c-4ff5-8e61-a0da4949e717,1,0.01253658842508442
combined_balanced,north_calabria,47d546f6-c454-492a-9571-8c0e8643d68c,0,0.2399250045811895
combined_balanced,north_calabria,4947de30-f503-4058-9db3-e74e33aaf7b6,0,0.7223087945248431
combined_balanced,north_calabria,49d298d1-8946-4ed9-b400-c13295ce0a06,1,0.9432143077228227
combined_balanced,north_calabria,4b0713bc-bcbb-4c1d-bbb2-25771826c156,0,0.22669990653715236
combined_balanced,north_calabria,4b48dc69-2361-49b7-a1be-93f05a6feed0,1,0.9601459549483361
combined_balanced,north_calabria,4b5b5951-5f78-4e4c-a3f7-8957955eb401,1,0.9995356624685681
combined_balanced,north_calabria,4c3544d7-edfd-4ef2-96d3-08fd57b82df2,1,0.8585118131806351
combined_balanced,north_calabria,4d3d8189-846d-4636-9f95-4da9ea3ddaf3,1,0.9804564004979899
combined_balanced,north_calabria,5037df75-c1a7-443e-8d0e-359cb7e0dea2,0,0.0014760393537328882
combined_balanced,north_calabria,522b3ace-ffbc-4189-855c-4e38f7e1c0e8,1,0.19999436093220224
combined_balanced,north_calabria,528b5405-4d84-4bd9-bbfe-3c214f061701,0,0.11552620287504195
combined_balanced,north_calabria,52abf8a6-edc5-4dbd-9cb5-e2342c03a182,0,0.07361921921160663
combined_balanced,north_calabria,540db45a-6e4f-41bc-b43e-74cc6671dcf7,1,0.5196716991032229
combined_balanced,north_calabria,540e37ec-4c18-488a-8ff9-b27792319dea,1,0.5917755586498997
combined_balanced,north_calabria,57429120-2943-47e3-b537-51a53a80bd7e,0,0.7193004286612458
combined_balanced,north_calabria,5767a739-1a36-480b-91b5-33560f263ecb,1,0.32842166492923996
combined_balanced,north_calabria,57dd2517-feb6-4320-9be4-07cfcbe88788,1,0.9919976647475094
combined_balanced,north_calabria,58397a42-9e87-4e0f-911e-3e07dd5e286b,1,0.9370176084662941
combined_balanced,north_calabria,5a443163-b947-4d8b-abb8-607c3de64f65,1,0.7963108979386394
combined_balanced,north_calabria,5d2da25a-6e59-40ec-8683-eddfc2c8593e,0,0.5122667490539924
combined_balanced,north_calabria,5ef514b7-16ef-4dfa-93f4-cb95921e4bad,0,0.47347071704328786
combined_balanced,north_calabria,5fb33722-941e-4414-b660-41dae7c799d0,1,0.5843087292946896
combined_balanced,north_calabria,6010f5ea-4e98-4b6c-89cf-795a2972d572,1,0.8721232606849085
combined_balanced,north_calabria,616aa639-ebe0-47d0-953e-f93292e7e6a4,1,0.7002640554103854
combined_balanced,north_calabria,61f3e2a3-ff74-417f-a5f7-34f41ecb92b7,1,0.4853131629209253
combined_balanced,north_calabria,62504f68-5101-45dd-b089-a689bd5a8f39,0,0.0916888968750104
combined_balanced,north_calabria,628b71bd-3e00-4674-91a5-83d029a5dc6c,1,0.8287390630860655
combined_balanced,north_calabria,6290bcc7-8822-4fbd-9a3e-359c48042e43,1,0.2064407154035108
combined_balanced,north_calabria,62c0e54f-a75c-4336-9b09-22a85271ce7a,1,0.986950956615469
combined_balanced,north_calabria,6361a398-edfb-44d8-87d0-890e5831efe8,1,0.8997564389155505
combined_balanced,north_calabria,654ca8d8-8f8c-4145-867b-f9b1fbb9a800,1,0.6542628197174433
combined_balanced,north_calabria,65b4abd5-f277-42dd-84b5-a21aba38ce6a,1,0.29808455038971116
combined_balanced,north_calabria,65f57ee2-d28a-4c9d-8b22-39209787915b,1,0.37068550693402763
combined_balanced,north_calabria,66144fe3-4232-4714-9dff-c46f5e3c099e,1,0.006853956674287279
combined_balanced,north_calabria,666d1cf0-b4b4-42a3-90a5-b81e71c94f32,1,0.17750524351325525
combined_balanced,north_calabria,6785a1e4-2104-4586-88ac-308cc9e13c1f,0,0.38475490220609004
combined_balanced,north_calabria,683d1bde-a5c3-4a38-b531-b65a186db838,0,0.008054409598679878
combined_balanced,north_calabria,6851ed58-e41f-41ef-ac05-4bd21e647e0e,1,0.37194726781766985
combined_balanced,north_calabria,69ccee85-078f-42d2-8f2e-ed32086741c3,0,0.5080297291123851
combined_balanced,north_calabria,6c5bf88a-b372-4589-9759-765268d97cc5,1,0.6620792632857019
combined_balanced,north_calabria,6c5d511f-9f02-476b-a1c0-7927da590e7f,1,0.6856097635381552
combined_balanced,north_calabria,6f9d8733-b651-4876-bc56-2e695e15f180,1,0.7325576125348345
combined_balanced,north_calabria,703c3196-cb73-449b-a423-74c7b3269604,0,0.05821910039298437
combined_balanced,north_calabria,70595d37-a931-4a8f-876d-5e9b17e31b19,1,0.9508636837757687
combined_balanced,north_calabria,708f42b5-7ca0-48b3-afae-cecfa0bc8baf,1,0.3395397478691256
combined_balanced,north_calabria,70adbf10-18c8-4c4f-b143-0d1be2aa2733,0,0.002922264404545144
combined_balanced,north_calabria,70f5b4ba-f5f3-4a78-98eb-1afd97217566,1,0.56752481192365
combined_balanced,north_calabria,71b30008-50e2-4e98-bde7-b64ef5bf8c5a,1,0.9002519054786505
combined_balanced,north_calabria,726a1946-8152-406e-8e36-9d73a3ed0371,0,0.5055207714367834
combined_balanced,north_calabria,7450549a-5f95-4b9b-b230-e953fd447591,1,0.11037863025773216
combined_balanced,north_calabria,766bfa3d-19b3-48c3-8b26-ec93967da0d7,1,0.43976500855680445
combined_balanced,north_calabria,7852a9e9-3a5a-474e-ac44-f258f111a45e,1,0.3403660859660677
combined_balanced,north_calabria,78c51236-c752-44bd-a650-1218f7d427b2,1,0.342091356859981
combined_balanced,north_calabria,78fa3fea-5372-412a-bf86-17f0caf22d17,1,0.9589267201228793
combined_balanced,north_calabria,7c1f2d99-8673-4904-a5d2-054f03ea9cb5,0,0.8502792954416633
combined_balanced,north_calabria,7f8bee06-88a0-4032-b52d-599d865dc959,1,0.4091072898235266
combined_balanced,north_calabria,802e9b17-1386-4f77-ae08-c78923d88f86,1,0.8866538685478985
combined_balanced,north_calabria,842cf29f-b5d8-44c5-a76b-60586d361512,0,0.13918351083656025
combined_balanced,north_calabria,84c4cf6a-2dc4-4be8-a64d-a699c74b54ef,1,0.8314705640982426
combined_balanced,north_calabria,859f7ff4-4b97-4522-959c-7a7e9f9ea8ba,0,0.5515150501770704
combined_balanced,north_calabria,865c847a-2cd3-46f5-b780-51206cb56a7b,0,0.00833088460462464
combined_balanced,north_calabria,877127cc-cf5c-4e77-bb6f-6cd92c61a6ab,1,0.9654023815856725
combined_balanced,north_calabria,8afdfe88-df3a-4cf3-a620-0d88824cad1a,1,0.4312380313995343
combined_balanced,north_calabria,8dd720ca-7ef2-4a42-a907-9e50e3a89b78,1,0.5392525436791541
combined_balanced,north_calabria,8e7518fc-9c42-4ea5-9c23-753ab43da34d,1,0.4471603113910287
combined_balanced,north_calabria,8fa153fe-f2c9-4636-91d8-e695b8b2ce5e,1,0.9604023649745419
combined_balanced,north_calabria,8fcad545-f67c-4444-868f-222152578be1,0,0.11085603911462537
combined_balanced,north_calabria,91559072-f10a-4fb0-a920-35da4cb5cbe3,1,0.5605514775161999
combined_balanced,north_calabria,93885e13-ec14-44b5-bdae-9390be5f4219,1,0.3692790056187397
combined_balanced,north_calabria,957e4b55-0826-41e9-85d2-a9c01aa7e40e,1,0.6736703190990473
combined_balanced,north_calabria,9695e0c3-7854-48f0-b91b-de4170c89121,1,0.9428266157384219
combined_balanced,north_calabria,96c7776e-f064-427f-9235-64aad9297372,1,0.5344611786594754
combined_balanced,north_calabria,96e7867e-b736-4eb0-ab3b-2c940d9f915e,0,0.01036996550359197
combined_balanced,north_calabria,979178c7-02ee-47cf-a7d6-209464f6e28c,1,0.9473689511741991
combined_balanced,north_calabria,99244ff7-3f7a-453f-a95c-cfc3642d8512,1,0.3089215947706348
combined_balanced,north_calabria,9973e792-6cfb-4fc4-ae5b-77ed77e28a23,1,0.11503478442062207
combined_balanced,north_calabria,9a08f338-717e-4938-bcbf-972731607099,1,0.4843067561254231
combined_balanced,north_calabria,9a9db2db-6424-43d2-8505-3cc1848e2f93,1,0.9976414427571642
combined_balanced,north_calabria,9c7a7513-57ee-475c-8dfe-8d191346776e,1,0.9884610537772786
combined_balanced,north_calabria,9cc9f9c8-580c-4d62-815a-52c317f78356,1,0.865857580147874
combined_balanced,north_calabria,9f2bd7ed-ff83-47ac-bfe8-d6ee9881caf9,1,0.9235956105070441
combined_balanced,north_calabria,9f52ef20-43a0-4317-8261-106c60401b46,1,0.8924246908445919
combined_balanced,north_calabria,9f631d74-d0b1-46f3-9263-cfaeef2a39d9,1,0.9330832920607551
combined_balanced,north_calabria,9f80206c-2d6c-4c7c-8617-04b871e9d633,0,0.4259218380960441
combined_balanced,north_calabria,9fa83047-2f86-4b8c-8783-d1c70254335f,1,0.687982520919683
combined_balanced,north_calabria,a1224f1a-2282-414e-ad9c-0e196da6ed65,1,0.981204040928629
combined_balanced,north_calabria,a131c4aa-d996-4566-900b-2010212c1534,1,0.09026155251272629
combined_balanced,north_calabria,a29a8a51-5e67-429c-b788-179ef6e8621d,1,0.9823070900770307
combined_balanced,north_calabria,a32fa40f-1ea0-4454-940c-f0dd8d1d6c39,1,0.9512824155566768
combined_balanced,north_calabria,a72b1053-9fe7-4ef1-b39d-cbc70448fe9b,1,0.44957853941837145
combined_balanced,north_calabria,a8f35e4c-f66e-4b7f-85a5-717cef058ee5,1,0.9396844862140055
combined_balanced,north_calabria,a94547ee-1f33-4fb7-844b-410d7eaa72ef,0,0.36243748224857225
combined_balanced,north_calabria,aa40a674-2e73-4f9e-a95a-a33774a44093,1,0.6833002881302124
combined_balanced,north_calabria,aa69dc98-9130-4971-ae9b-91fb5718e3dc,0,0.909914629060206
combined_balanced,north_calabria,aa873def-de9a-4c48-9bd9-dbcc64c3d434,1,0.7585184917158917
combined_balanced,north_calabria,aafefe00-0ac4-45e8-9968-f0ff9448e0f2,1,0.19457768784527837
combined_balanced,north_calabria,ab616ee7-1423-470e-8ec2-0e6096518011,1,0.6660677262808719
combined_balanced,north_calabria,acf6f595-5139-4b76-ab28-b5a864e0f41f,1,0.4729482762201692
combined_balanced,north_calabria,ad4c6519-5da8-4b7b-a7c4-f54463229092,1,0.8576728064899294
combined_balanced,north_calabria,afdc270f-1f2f-4cd2-9bf9-ef5d6356b109,0,0.0011907310191470546
combined_balanced,north_calabria,aff9b927-4df9-4db5-a7d8-204282dc0442,0,0.5916440975437461
combined_balanced,north_calabria,b0e1c106-ec2e-416f-a65b-08a4124a0769,1,0.9650406001389351
combined_balanced,north_calabria,b1789587-5b2f-4183-8766-1ff749d9f4e0,1,0.419021816926649
combined_balanced,north_calabria,b26a3a0b-2742-45b7-8cf7-94457d227e98,1,0.5600286685111522
combined_balanced,north_calabria,b2c8612f-91d2-46fc-9074-133c2c48c499,1,0.8047519343033698
combined_balanced,north_calabria,b34c8637-c05a-4874-b100-e5678bfa61fc,1,0.9815807952102665
combined_balanced,north_calabria,b429426c-78e9-4195-8107-28ac93dc95ef,0,0.892674357053359
combined_balanced,north_calabria,b5384a2e-fe82-4fcf-a7df-032c096860ee,0,0.2109416535447064
combined_balanced,north_calabria,b59afa5f-8122-4850-87a0-7e123a951688,0,0.025589940872459617
combined_balanced,north_calabria,b610ec08-6416-4812-9e6b-1fbb2b84b6e3,1,0.984391045831255
combined_balanced,north_calabria,b62a8fc4-17bc-4b90-abe6-975e87963dc6,1,0.7529858991403654
combined_balanced,north_calabria,b63e283a-af95-43c2-9658-00391011628d,1,0.9600130665667194
combined_balanced,north_calabria,b76c53ef-8cba-4f1d-b58e-9f9cfe600ae0,1,0.8063347786663215
combined_balanced,north_calabria,b8d127d2-b0e8-4647-974a-043fb45bd0bb,0,0.8270640059413741
combined_balanced,north_calabria,b95ca791-e41f-48c7-be35-7a3fcd83a366,1,0.9985465162752326
combined_balanced,north_calabria,ba24e946-3224-458f-bfcc-73c50116aff7,1,0.7837687562302603
combined_balanced,north_calabria,ba491d00-0443-433e-9794-47c5a2d9b298,1,0.41204126595601276
combined_balanced,north_calabria,bb47584f-0e12-4ef7-a19b-4d232e72b7e9,0,0.772753612279991
combined_balanced,north_calabria,bc39d7aa-5747-447a-95d0-39dca5b36829,1,0.7204033026842424
combined_balanced,north_calabria,bc3c4e4c-5bd4-4752-9499-cef599ca7fc3,1,0.8974898096915994
combined_balanced,north_calabria,bcc12f4c-190e-4aae-a69a-007cc8c3f423,1,0.3772267933935157
combined_balanced,north_calabria,bd84daa4-bb3c-4a5e-9182-1f14224b9e30,1,0.331758742710008
combined_balanced,north_calabria,be4b9101-295d-4067-a7fa-c376e4967524,1,0.6138895453158815
combined_balanced,north_calabria,bef24b6d-8fca-4974-b35c-a6fb15e0ee02,1,0.9345277743927841
combined_balanced,north_calabria,bf430b5f-dec6-4c64-a93e-a3f994f67a19,1,0.9810580860572568
combined_balanced,north_calabria,bfdd5d20-8bdc-42ad-8dde-ffb9800c4852,1,0.32267117835480885
combined_balanced,north_calabria,c05b1454-43e1-4df2-b82a-8333613732d9,0,0.09612321961224304
combined_balanced,north_calabria,c10a885b-8af8-4f83-8593-7b96b5841ffd,1,0.9900334641658324
combined_balanced,north_calabria,c25e2445-db4b-415e-9d06-9651e5511705,1,0.6479633762823616
combined_balanced,north_calabria,c3c90121-6715-42c6-90f0-991cef731f26,0,0.07569002227924913
combined_balanced,north_calabria,c6773848-af01-47ee-89f2-5aea394ef2df,1,0.9929595215252781
combined_balanced,north_calabria,c72941a3-dc5f-4bd2-b83c-821ad895b90d,1,0.9324642659625911
combined_balanced,north_calabria,c7ca7365-b7b5-4244-b8d6-eef45842dee4,0,0.27476819294847965
combined_balanced,north_calabria,c821c208-d055-4990-b43e-a02a7e7c95b3,1,0.06039206276804768
combined_balanced,north_calabria,c880448d-4946-4792-8f22-15bdc72d4224,1,0.6672315561136528
combined_balanced,north_calabria,c89ce338-60b3-40e1-a14d-f118aa9b949c,1,0.5152760554202982
combined_balanced,north_calabria,cca25d56-750b-475a-833d-a8be0d425c2a,1,0.9336220971723899
combined_balanced,north_calabria,cd3ec7df-fced-4dfb-ad06-094c65770782,1,0.5625422411481983
combined_balanced,north_calabria,cd7618b2-e0c3-4e36-84d0-bab75b172a09,0,0.6823173491837587
combined_balanced,north_calabria,ce1d4a2a-5f31-4ac0-a2b6-91a606ddd2b1,1,0.42935938156936154
combined_balanced,north_calabria,ce3b116f-a84a-43d0-8b26-6986d001c4a6,1,0.043971050859855615
combined_balanced,north_calabria,d00f4b52-dd1a-4a88-ab34-433baf10e6bc,1,0.971269154299296
combined_balanced,north_calabria,d07199dd-43a6-4336-8eb9-156d48417701,1,0.6160637912393893
combined_balanced,north_calabria,d11166b9-8885-4dfe-a3a6-f12852fe41ba,0,0.5239625151452882
combined_balanced,north_calabria,d194620e-7f10-4163-b055-c5861c64427c,1,0.8716978587962065
combined_balanced,north_calabria,d2383140-0843-4e07-b70c-f4accc9159a7,0,0.5717345124234422
combined_balanced,north_calabria,d23e6bcd-12be-4847-ae22-835bacf10787,1,0.647496682302352
combined_balanced,north_calabria,d3477389-7d24-4796-ac3c-0deba52b5dd1,1,0.9210468788445129
combined_balanced,north_calabria,d4a2bba7-2777-47df-8d2c-5cf093093e9e,1,0.9976898748745817
combined_balanced,north_calabria,d50cdff3-1ac0-46ba-a31f-b45eca251ed2,1,0.4428334900179486
combined_balanced,north_calabria,d580fabe-7af8-4733-bda7-a855966d163e,0,0.6945510608374192
combined_balanced,north_calabria,d640aa56-1b42-4a72-9335-7b5b23c6cf82,1,0.19973987949138955
combined_balanced,north_calabria,d66eb470-eaee-45a7-b109-29fdfd333c61,1,0.9632965285930642
combined_balanced,north_calabria,d67caef6-700f-4655-93fc-85bdcf49694a,1,0.20690110457243632
combined_balanced,north_calabria,d6996345-a922-452a-9c41-636c696864e0,1,0.4140836929119141
combined_balanced,north_calabria,d6fb84e3-b184-4417-b140-23637d276e71,1,0.9613576485378627
combined_balanced,north_calabria,d7d5c207-c390-4ca1-a593-8896d60af80d,1,0.8927702534801115
combined_balanced,north_calabria,d94001e3-f949-4b70-b12f-8250fae9236d,1,0.5024779004416348
combined_balanced,north_calabria,d96ed53d-8b4b-45b3-b436-9ab24b3bcb29,1,0.8635737388846206
combined_balanced,north_calabria,dc0ee0db-fbd2-4f3f-9f44-eb7e9e635af2,1,0.9388756716868462
combined_balanced,north_calabria,dc930272-b3e9-4d3b-8cf5-8d8b471de1bb,1,0.2909472538389366
combined_balanced,north_calabria,de47aae7-2161-485e-b5f8-244d040e6bf5,1,0.32568213724400513
combined_balanced,north_calabria,e0c72bc8-feef-4e3f-83db-74909b340a55,1,0.6687276690470105
combined_balanced,north_calabria,e219b958-05d2-498a-850a-3f055f1f3c57,0,0.5585045134312677
combined_balanced,north_calabria,e383adfd-6a9f-4360-a0ea-c40669b68b8c,1,0.3114928800531886
combined_balanced,north_calabria,e385fb32-0936-4167-a3c0-34158f90c289,1,0.9946305210414031
combined_balanced,north_calabria,e46727bc-af30-4386-a1b3-722be9bd7972,1,0.07517762566291268
combined_balanced,north_calabria,e7cf290a-c0a9-4445-a655-beaf8c58141f,1,0.7768657647309606
combined_balanced,north_calabria,eb6674e7-c655-48dd-b200-7f58d3ce2b9e,1,0.6992070953065047
combined_balanced,north_calabria,ecec9225-22ec-4738-b0f5-a8031439cee2,0,0.15874044685195898
combined_balanced,north_calabria,ee661ac0-e1b6-47d3-87ec-f86f7a6cc806,0,0.2803873459852806
combined_balanced,north_calabria,ef1b2d1d-08ae-4d39-8e19-897bcc66e9bd,0,0.0436402417752199
combined_balanced,north_calabria,ef355117-1784-4646-8889-84be3f43b197,0,0.2319050411663804
combined_balanced,north_calabria,efc35763-b4fd-499f-8ede-a7a97c0abe44,1,0.9857073037586508
combined_balanced,north_calabria,f0389b55-898a-43ac-ad18-89d9c96b443e,1,0.4803537603903548
combined_balanced,north_calabria,f03ebfdd-7cf1-40d0-8f06-40a87fb7e37e,1,0.7047312271647914
combined_balanced,north_calabria,f0b7311b-9105-4887-b0a7-ea6782153bf1,1,0.7186356866658267
combined_balanced,north_calabria,f17f4011-1117-4400-bebc-d1e52e454c42,1,0.16970121329338358
combined_balanced,north_calabria,f2c013ae-0e7c-4c72-be43-6bf679a6466c,0,0.28716285852156603
combined_balanced,north_calabria,f2d9b38a-668a-45b5-ac3d-211789791177,1,0.5047395403629531
combined_balanced,north_calabria,f4a59980-311d-420c-8b0f-03cf981eef29,1,0.6691680820633771
combined_balanced,north_calabria,f547f146-4f35-4210-8586-3b2beaf81c91,1,0.300384728200517
combined_balanced,north_calabria,f5d86fe6-a377-4662-8f14-3bd8af2f89c7,1,0.3561759741370127
combined_balanced,north_calabria,f5e5405b-f597-49bc-b637-55a01e6ffb1c,1,0.9914287421713024
combined_balanced,north_calabria,f64a6be1-9f15-4d73-9312-68e5bdbdbaa3,1,0.7973883273889026
combined_balanced,north_calabria,f6c4d039-3988-45e6-9dc3-ac217589d3ad,1,0.9932075726684739
combined_balanced,north_calabria,f6fa973e-5556-4747-9eda-8d06b220a4c3,1,0.9239989635526792
combined_balanced,north_calabria,f73ebccc-8d45-4b85-9c05-0054797b49cf,1,0.49826822474839433
combined_balanced,north_calabria,f74340c1-e9c0-4ca8-bba7-23dc781ba445,0,0.03893441269823945
combined_balanced,north_calabria,f7d8cb46-3200-420a-bf30-a1d79e8cd8c1,1,0.48447473238789696
combined_balanced,north_calabria,fa5d6b92-589f-481c-90a4-e9ead4701bf9,1,0.9128378849609529
combined_balanced,north_calabria,fa68a229-21b9-4fc5-b637-77d1bc914ba9,1,0.7346665609565488
combined_balanced,north_calabria,fb66c21b-51dd-4070-8a85-beb5ac43ee67,1,0.6311376204492086
combined_balanced,north_calabria,fbc95eca-e780-49e2-9135-a07bfe4a75a7,0,0.9297725206563918
combined_balanced,north_calabria,fc35308f-5965-4589-b9eb-df4515261f48,1,0.7341708732054637
combined_balanced,north_calabria,fc593a03-e948-466a-afb7-5dcbdfebba29,1,0.47027219706931567
combined_balanced,north_calabria,fca36657-c68b-4dcc-9f7b-7ade95d71b27,1,0.8253765126312455
combined_balanced,north_calabria,fd3319c8-a309-4069-8462-ee3042def336,1,0.6053710497938775
combined_balanced,north_calabria,fe45959a-5ccc-43cd-8250-128ab0bb32d5,1,0.6272515386828862
combined_balanced,north_calabria,fe6a8187-c57c-43bc-960d-c41ca547bde7,1,0.9939106166436857
combined_balanced,north_calabria,fe98d1d6-4510-4949-8ebf-5b9be631b077,1,0.9208465755551599
combined_balanced,north_calabria,ff24a594-7284-4fff-8911-b7ab9f68bfb0,1,0.5865898840143546
combined_balanced,south_calabria,0265799f-033d-4f8f-b128-73273183574b,0,0.21715606166683363
combined_balanced,south_calabria,08366a19-b37b-465d-bde3-e6db3b02da99,1,0.2826233750292469
combined_balanced,south_calabria,0ce42e15-7610-4c07-93ab-196599648b1c,0,0.24227394950865588
combined_balanced,south_calabria,12b6180d-8658-475c-aa42-d625675fe821,0,0.19890850785309297
combined_balanced,south_calabria,1798faf7-64d0-43a6-af40-afc3b261419c,1,0.9874823516632052
combined_balanced,south_calabria,21e256cc-0696-454f-a6f9-1002dca171d1,1,0.9506930984759288
combined_balanced,south_calabria,2414161d-5772-42b3-9636-8e5558d985f2,0,0.8837887266051611
combined_balanced,south_calabria,2601d7fa-8731-4d9a-9d7a-5e6acf047687,1,0.8968130889395932
combined_balanced,south_calabria,29a6b1ed-7f6b-4df2-a13f-9d53daa4a49e,1,0.854761215370823
combined_balanced,south_calabria,328836a8-9f62-4cad-9f37-9b5731177279,1,0.9726570277222106
combined_balanced,south_calabria,37499c57-799b-407f-8533-dacd612d339d,1,0.8914939921024606
combined_balanced,south_calabria,3dbe93ca-70dd-4611-a34f-9d80e27a636a,0,0.8276677282665538
combined_balanced,south_calabria,41853a20-633c-43ee-9d60-18d8803c09ba,0,0.032369931397528064
combined_balanced,south_calabria,445906b8-9da2-44ec-82dd-e264d6e060de,1,0.7907066064282632
combined_balanced,south_calabria,4854bcbc-b691-4c26-8ea2-427e2555da38,1,0.7959021211223107
combined_balanced,south_calabria,48ea0a34-f761-4e5c-8594-20254bb45239,1,0.9823546895313869
combined_balanced,south_calabria,4e97640b-dcc7-4220-ba74-b335ee19b7e7,0,0.8021132950558482
combined_balanced,south_calabria,4fa67ebf-9b3f-4f7c-aef8-4906111b2950,1,0.9691513885804132
combined_balanced,south_calabria,51ddaeba-bcb5-4ba1-9555-294b3e47229d,1,0.9728720180346139
combined_balanced,south_calabria,5e582a71-2639-4fd9-9e4f-d6bee4944d5a,1,0.4138239312307816
combined_balanced,south_calabria,6a9bba3d-26a1-41ab-9a75-6591f1a2f304,1,0.8949934616756418
combined_balanced,south_calabria,6ca904bf-1821-4dc8-878d-1bbefe10387a,1,0.2822884721225459
combined_balanced,south_calabria,704ada79-3add-4f92-8154-bf059d1616f9,1,0.8783099474359319
combined_balanced,south_calabria,719c17be-1fe1-49cf-9a9e-8cf0e5fb4fa3,1,0.30698910089275305
combined_balanced,south_calabria,72a4e182-4e40-47af-b73b-dc29411cf8e9,1,0.9526513332095361
combined_balanced,south_calabria,73752309-9a70-4ee7-9cc1-d8bd33330ede,1,0.8290308212198396
combined_balanced,south_calabria,8990bcdb-4f6f-45a1-a206-d8e0dca436f4,0,0.18781828516660598
combined_balanced,south_calabria,8f4f4186-b95a-4b02-b877-169bed0d37eb,1,0.9758675103063132
combined_balanced,south_calabria,96969f64-f510-4f61-be7b-02fd48ec8f62,0,0.370688308535962
combined_balanced,south_calabria,96b2c730-6a7f-462f-901a-6193f23d6dd3,1,0.9353767611051814
combined_balanced,south_calabria,9a532a00-2a28-42ae-8848-fd05412e9800,1,0.8458798466414575
combined_balanced,south_calabria,9e64ceeb-8a77-4d98-b02f-62e4ed18d5bb,0,0.5308256578985014
combined_balanced,south_calabria,a71f3906-d07f-4b34-bca5-4eb5fd61256c,1,0.965473055862078
combined_balanced,south_calabria,aa973cbf-933d-4f92-a0bd-556eb41274b5,0,0.9483815604842246
combined_balanced,south_calabria,acff0d3f-94b2-4f7d-a01f-7365a0d9c2ba,1,0.8940162503823906
combined_balanced,south_calabria,b4ebfa59-660d-41d9-b44d-8f35d353c8c4,1,0.9399058793939502
combined_balanced,south_calabria,b562c8ba-78e2-4961-94f2-ba1751235f26,0,0.040852795069962186
combined_balanced,south_calabria,bac558ba-1b7b-45b8-8b7c-051aa1b8d731,1,0.4946748037493836
combined_balanced,south_calabria,c8004074-d794-4937-8a51-7d4df78c55be,1,0.7505174130289328
combined_balanced,south_calabria,d2f24500-65cd-42f0-80a5-c2ea866bd9de,1,0.7594801002617977
combined_balanced,south_calabria,dd59b1a1-96b9-424a-9f3d-48d56dd4fb7e,1,0.7440841269540394
combined_balanced,south_calabria,e0e94705-5261-4a27-a95b-458eb087231d,1,0.8979204822402326
combined_balanced,south_calabria,e5d216dc-f861-4914-b410-6918a6e5d0f7,0,0.12993411317970777
combined_balanced,south_calabria,e61f659a-e5e0-4c12-b9d3-44626980afe7,0,0.4360715562113674
combined_balanced,south_calabria,eb975401-cb68-420d-97ae-0c6174d7ca47,1,0.9518190209891736
combined_balanced,south_calabria,ee92ad4f-5c0a-4143-8a89-d881e09b6a55,1,0.9950631374167137
combined_balanced,south_calabria,f58490a2-7378-4d59-a9a4-bdb9fbb53799,1,0.22034451395649837
combined_balanced,south_calabria,f8f7c51a-bfa8-4451-ad86-2e563151aadd,1,0.9219688258140831
combined_unweighted,central_calabria,002b205a-66ef-4245-aff0-d0d208424c29,1,0.9802622862679433
combined_unweighted,central_calabria,018750d5-285a-4767-b84b-cb57bff4f0fa,1,0.9003499269954797
combined_unweighted,central_calabria,02086d64-3655-449d-93bd-158565b16409,1,0.9091220708604004
combined_unweighted,central_calabria,026478dc-4dfa-43dc-baa4-1f31a24c3766,1,0.7172996560522952
combined_unweighted,central_calabria,048533a2-7b2c-4208-a850-f45714b97e61,0,0.5566056150287834
combined_unweighted,central_calabria,06611573-7622-4e17-88c6-c2cdf3f6450c,1,0.8525379750470895
combined_unweighted,central_calabria,0752391a-d005-4a34-8c37-38d287dfbced,1,0.9036912820600105
combined_unweighted,central_calabria,08e8a819-3549-44ed-8071-106f8f81c62e,0,0.3823019372969203
combined_unweighted,central_calabria,0fdd8d0b-58b4-48b4-91f2-f50da34f6667,1,0.8691565006600823
combined_unweighted,central_calabria,18335feb-4f5d-4c38-83b4-6d548893cc1d,0,0.49172271677387236
combined_unweighted,central_calabria,1cc02c24-7700-4eb8-a8a0-20446c75380c,1,0.43872955433715105
combined_unweighted,central_calabria,2189620a-40ad-4c2a-977a-096eec44a72b,1,0.45644530486600793
combined_unweighted,central_calabria,23cc46eb-3a72-43f5-ae70-4c4b630362b9,1,0.24710381160462885
combined_unweighted,central_calabria,27ba227f-9253-491d-8581-7751d3ad79a7,1,0.8106878973237814
combined_unweighted,central_calabria,2b881276-810d-472c-922d-6a8af80f10a9,1,0.8889287152392361
combined_unweighted,central_calabria,314897f6-b485-47d7-8275-42a8420ffdc3,1,0.8004746037999051
combined_unweighted,central_calabria,319434f5-fa02-4152-9f7a-84e9b2751b7e,1,0.9416565061452027
combined_unweighted,central_calabria,325c910c-85ba-4274-a12d-2347def792c0,1,0.9162018705278976
combined_unweighted,central_calabria,33519d66-3bd6-4946-b405-933736b7c5b5,1,0.970252520927997
combined_unweighted,central_calabria,33e1f332-2116-4cdf-a683-57894654f7c8,1,0.5500400738267218
combined_unweighted,central_calabria,35db8036-f229-4454-adcb-66d5ae3d75b7,1,0.9746577731714329
combined_unweighted,central_calabria,380889f9-3710-4693-b0cf-c3e2658c5ade,1,0.8143627231996691
combined_unweighted,central_calabria,38ed5b18-1453-46fa-89c0-9d00e74cdfc0,1,0.8016986745502575
combined_unweighted,central_calabria,3a1e4cb8-6e0f-4ca8-b78a-afa54373698c,1,0.925267428138081
combined_unweighted,central_calabria,3ad21c01-982e-4a6f-aaf8-3504c6640519,1,0.38172748352094166
combined_unweighted,central_calabria,3d0fa030-ee0c-440d-b274-efc176c8288b,1,0.693645965079819
combined_unweighted,central_calabria,3efc03cb-1709-441c-abde-6325b026fa7b,1,0.8605211422332645
combined_unweighted,central_calabria,407b6fa5-47fe-40cf-b49d-278d5b55c65a,0,0.06180420773470728
combined_unweighted,central_calabria,40fc9618-d1f4-4c59-9e20-d75132070004,0,0.0640113209687005
combined_unweighted,central_calabria,41280d99-1993-4f8f-94ec-15749c438a22,1,0.7206263047113235
combined_unweighted,central_calabria,44b37f6e-6824-433b-9ff9-77b2fae9b25a,1,0.18071715054059465
combined_unweighted,central_calabria,4a8854f3-5208-4457-96ec-2da6277c2686,0,0.6703814272568319
combined_unweighted,central_calabria,4e7bb0b4-4f7e-44e0-9520-84f4c6220d18,0,0.9184506944255538
combined_unweighted,central_calabria,4f8794fd-2765-405c-8191-97e44205b5d8,1,0.8976560986824154
combined_unweighted,central_calabria,52af5ab2-0b9e-4f94-930c-209d9e8e5c66,1,0.9377285561736592
combined_unweighted,central_calabria,568b32de-d4d1-4a7f-829b-6fcd0c1f5da5,1,0.6975524459033421
combined_unweighted,central_calabria,58f91fa1-e590-42a3-947a-d014071eb8d1,1,0.40451419390031035
combined_unweighted,central_calabria,60f32136-c60e-4193-a042-e4875dd39cd9,0,0.44903287221715793
combined_unweighted,central_calabria,6186b338-eff2-48df-8bc0-bf22e17bd285,1,0.9624840566562327
combined_unweighted,central_calabria,64542385-492d-46a4-b453-71de46738c92,1,0.9233156924129541
combined_unweighted,central_calabria,64d40ec6-5a34-42b8-8554-b6fa5decb176,1,0.8880564510063206
combined_unweighted,central_calabria,67094e79-5155-4900-a2aa-8fdb6c61c030,1,0.8679083480463987
combined_unweighted,central_calabria,695afdee-94b2-4382-97a0-d62d8fe31a43,1,0.5586216018381738
combined_unweighted,central_calabria,6990286b-a934-43a5-959c-8e9d5b516c98,1,0.9140048703813435
combined_unweighted,central_calabria,69e1438b-c7d3-4345-ace2-bf38a9d28503,1,0.6936976699613574
combined_unweighted,central_calabria,6a0c0b44-ff05-4dce-b2ac-16649ab61c3d,1,0.17688333709530957
combined_unweighted,central_calabria,6b350121-eb41-48b9-b404-2c0eacb8e16f,1,0.9401726044695172
combined_unweighted,central_calabria,70919431-0788-4358-b6c7-2609f1053937,0,0.30872307385810005
combined_unweighted,central_calabria,70a7cd21-9650-4dbb-9c9f-5bd66f8056c3,1,0.9754202758904381
combined_unweighted,central_calabria,7252e5b1-69af-4762-99dd-fccff33e4904,1,0.6150081822577292
combined_unweighted,central_calabria,7b92f856-4a89-439b-9f50-423993f88d67,1,0.6098967500551562
combined_unweighted,central_calabria,834c8845-e28e-4085-97d9-2711175e715d,1,0.9289734316560283
combined_unweighted,central_calabria,874750df-a4f7-4bd3-ade2-2f9b44fd0936,1,0.9646652639802227
combined_unweighted,central_calabria,8d910ba5-2704-451f-ac69-ae436abe4552,1,0.8382095147949409
combined_unweighted,central_calabria,8de06204-8f30-43c0-8288-3245cb515c58,1,0.9713569665310244
combined_unweighted,central_calabria,9586c79a-3114-4af5-b599-ef0046f945b2,1,0.8652225980684274
combined_unweighted,central_calabria,95fb236b-d4fc-4957-a784-958617f071bb,1,0.8997600674875484
combined_unweighted,central_calabria,962f5054-7f10-4775-9bbb-b6cb21d8cd66,1,0.84435118376799
combined_unweighted,central_calabria,987eb6e5-f160-43eb-a2de-42c1cc49c979,1,0.8222422468569562
combined_unweighted,central_calabria,9b08ca1f-9ff0-4317-9d8f-d81da5dbf94e,0,0.0655651529699893
combined_unweighted,central_calabria,9d875ecc-a441-4815-b201-adcc0b09c4de,0,0.9097986283907609
combined_unweighted,central_calabria,9d971bf2-95a7-4301-976f-8f2e82c68255,1,0.8734365159989836
combined_unweighted,central_calabria,a12b9fb2-3d04-477b-a3c2-472a96fee8d0,1,0.835609840611089
combined_unweighted,central_calabria,a28481aa-6f9e-498e-92e3-1f6f0402f8c6,1,0.8420450461311855
combined_unweighted,central_calabria,a31d6ff4-7b78-4d7c-b2a4-7ade7c149a95,0,0.04591127171579363
combined_unweighted,central_calabria,a539464f-adf6-4b3c-9c02-badd36600851,1,0.6114612511544905
combined_unweighted,central_calabria,a6ffe262-54f7-4081-a546-94eb1c5ba27c,1,0.8798091619253691
combined_unweighted,central_calabria,a849ac36-6d69-4b73-b8be-c50efdef9637,1,0.951229058470568
combined_unweighted,central_calabria,ab8b74f1-aa18-422a-827d-44eefd01b2e8,1,0.9183838132053018
combined_unweighted,central_calabria,b0bef4b1-59ae-41f4-8662-8aee92560c24,1,0.2568644231942679
combined_unweighted,central_calabria,b100b4af-3cd4-4281-8e00-23836e4bb0c2,1,0.6622490786209355
combined_unweighted,central_calabria,b403791c-f415-4f93-a283-4a42348cc884,1,0.8076976100647406
combined_unweighted,central_calabria,b9283d12-368c-4cfd-9d70-ad09219dccff,1,0.9861936020061235
combined_unweighted,central_calabria,bae68644-7473-4023-a420-1087d388429a,1,0.8160152179629893
combined_unweighted,central_calabria,cae37c5a-d739-4056-b566-9d4c0dfbab92,1,0.6034522837800614
combined_unweighted,central_calabria,cb098c94-9e0c-4efd-9fdf-e072bdbf799e,1,0.997591305046362
combined_unweighted,central_calabria,cb652ebb-5e9f-42f9-a97a-5956ec2cab7c,1,0.9834253192416265
combined_unweighted,central_calabria,ce62d29c-d19f-49ca-a69b-bf8375300ab8,1,0.21129724426750449
combined_unweighted,central_calabria,ce6fc4d0-9e9f-4e49-bd11-35d27b7892fe,1,0.9565436959267267
combined_unweighted,central_calabria,d04fc3d9-e103-48e5-ac84-acb37ff7e23b,1,0.8173599625801828
combined_unweighted,central_calabria,d11b74c7-0707-4609-9e17-5370835a8434,1,0.9439086831570758
combined_unweighted,central_calabria,d213ebef-79cd-4c88-89d8-09276018d836,0,0.35683156180125597
combined_unweighted,central_calabria,da355dd0-92ed-4741-9339-8cfa06920199,0,0.19259229920619989
combined_unweighted,central_calabria,df2611ec-8650-4051-9b7e-f345a5cf8b09,1,0.9634927996793539
combined_unweighted,central_calabria,dfa634d7-439a-4b2b-8f40-681bbeb3e8b2,1,0.9314177309086875
combined_unweighted,central_calabria,e7602f95-abd5-4c86-8585-8c221da829be,1,0.9692674822989151
combined_unweighted,central_calabria,e81d287e-8b06-4782-91ac-9d7c74e701bc,1,0.4666726727403865
combined_unweighted,central_calabria,ea61c138-c377-444a-b669-c39d84e87350,1,0.9273859570166374
combined_unweighted,central_calabria,ecc27547-8ab6-4724-8b86-b877b3957f93,1,0.9786791787722778
combined_unweighted,central_calabria,f41427d4-2eec-4342-afda-f7b91abfecf6,1,0.9211146769268931
combined_unweighted,central_calabria,f5b5b142-51cf-422c-be5d-bb1030b5104b,1,0.7884635021683948
combined_unweighted,central_calabria,f97be8f0-b9fd-4bea-8f5a-45f57bf2bc3e,0,0.010326972955420339
combined_unweighted,central_calabria,f9c3a864-b06d-436a-bb5e-3c69a7f838b6,0,0.7521084924243838
combined_unweighted,central_calabria,fbcbbe83-5fc0-4da4-8a51-dc723b489103,0,0.23895838988036364
combined_unweighted,central_calabria,ff29589f-3103-4277-b455-f478488dc77c,0,0.8023000550666729
combined_unweighted,north_calabria,007abe55-e5c6-4770-8aa1-9a44b56118d1,1,0.887996971898526
combined_unweighted,north_calabria,0125be16-f40c-41ac-8672-9d2bd49b8330,1,0.9830848441019457
combined_unweighted,north_calabria,01375f8d-1b47-4577-8fbb-267c9741fec8,1,0.5042677011799093
combined_unweighted,north_calabria,0178afdd-dc28-4c5a-9db0-cf2560762c21,1,0.4345856149113935
combined_unweighted,north_calabria,0651ef0e-b828-406a-947e-f6b311c8d2fe,1,0.48784133130179264
combined_unweighted,north_calabria,06da04de-4550-495c-9e75-f936a2c36b47,1,0.4120373229485028
combined_unweighted,north_calabria,0732c236-15e5-45ab-a8b8-1401bb532ae8,1,0.8122726793471312
combined_unweighted,north_calabria,0748a84b-5fc8-4728-a099-572f6b022b72,1,0.7377653310342189
combined_unweighted,north_calabria,077a22c8-0019-400b-9000-1f39cc5d0b39,1,0.9726893515458549
combined_unweighted,north_calabria,07be58b6-ef77-4aae-9631-45856f71660d,1,0.9107706299152359
combined_unweighted,north_calabria,09a49418-d48b-40a9-abb6-8f0da5637e75,1,0.8657528389959867
combined_unweighted,north_calabria,0a7d3c16-632d-4000-a848-91ea92007318,0,0.5254653398807181
combined_unweighted,north_calabria,0b877e85-da03-4389-a9d0-3dfad92cc4a3,0,0.18331890786277066
combined_unweighted,north_calabria,0c3ef04e-773b-432e-98de-dfda0db083c6,1,0.848450031896564
combined_unweighted,north_calabria,0d70d971-b04e-4c14-8f58-96d3af297c10,1,0.9552294123869433
combined_unweighted,north_calabria,10043020-6379-40ee-b6fb-50cba1f39c71,1,0.9558560043659426
combined_unweighted,north_calabria,1084cbf8-b18a-4e34-a7c5-a824e63a55e1,1,0.876618638847781
combined_unweighted,north_calabria,10c43020-8cd0-41d5-ad2f-c887e5806535,1,0.979682691224213
combined_unweighted,north_calabria,11553afb-2509-432d-aa21-5c1185c9c4a3,1,0.9919658900565766
combined_unweighted,north_calabria,12acd1cf-dd01-453b-afb8-aebeffae6577,1,0.35618054487834766
combined_unweighted,north_calabria,1385529a-1392-436d-9ac0-02421c7c3729,1,0.7274336222274652
combined_unweighted,north_calabria,14b011ae-c028-4515-82b2-cd39996d7a33,1,0.9450824467752292
combined_unweighted,north_calabria,156c4f03-a080-456f-a61e-7f322628ebac,1,0.9186450788481484
combined_unweighted,north_calabria,166368a4-21e1-422f-98f6-3f9f651a8e36,1,0.8359799564318607
combined_unweighted,north_calabria,17291e32-3365-4f35-8ca4-4734c10f3cca,1,0.6958440349700995
combined_unweighted,north_calabria,18e2d9e8-6f8e-43c4-9542-0f63b3729bd2,1,0.744721213576104
combined_unweighted,north_calabria,1a598ff1-1141-4d45-a696-00ecc9d2eb25,1,0.7082271445850317
combined_unweighted,north_calabria,1caad9e5-3cdc-4531-8b8f-f731e92fa6bf,0,0.4824732538076463
combined_unweighted,north_calabria,1ccaf99d-d14a-4094-87f1-c25730f927d8,1,0.0649979393547007
combined_unweighted,north_calabria,1dae1cc8-9433-4596-9783-b0603717dba7,1,0.6601310613033821
combined_unweighted,north_calabria,1f65d9d2-af2b-4f2c-94e8-28edff449ec0,1,0.8487155729371995
combined_unweighted,north_calabria,208f5adc-6851-4b9a-8ddb-0c15e4c76e8c,1,0.9540538796474963
combined_unweighted,north_calabria,2382ef96-5c32-427e-afaa-2fb95e3feaae,1,0.47457610568530856
combined_unweighted,north_calabria,23d6058a-60a2-4fa1-a608-c0e81561ad4f,0,0.6871114970289508
combined_unweighted,north_calabria,23fd7b49-5f72-43c7-b44b-efdc9c82720f,1,0.49571657670267555
combined_unweighted,north_calabria,25468458-e458-4620-a513-b5125d0a1c00,1,0.894617446067189
combined_unweighted,north_calabria,25b193c3-7321-4092-92d5-0d9ac46bbcab,1,0.9612164850654213
combined_unweighted,north_calabria,25dc774a-34ae-48d7-ab92-caf34852d21b,1,0.9514555007768307
combined_unweighted,north_calabria,286a95e9-206b-4925-8304-21182e129a45,1,0.45391804140554853
combined_unweighted,north_calabria,293587f3-cf98-4e78-a782-cac355237d88,1,0.8002665884975142
combined_unweighted,north_calabria,29993089-3877-4657-86e5-2988e5a10017,0,0.2273271970801327
combined_unweighted,north_calabria,2d07dccd-ec34-41b3-acd8-9f34f31d3f46,0,0.3947162221566517
combined_unweighted,north_calabria,2dbaefcf-ec49-4c81-9bb3-d0a33360de7a,1,0.8213924561076303
combined_unweighted,north_calabria,2fe533aa-a325-4ce8-96d4-01412b32ef1d,1,0.5696216120622323
combined_unweighted,north_calabria,3254fd56-4a43-438c-af85-d01b3d630793,0,0.02098448104405269
combined_unweighted,north_calabria,33128212-182b-4dee-9028-69d453e644ca,1,0.7484850152704684
combined_unweighted,north_calabria,353900eb-844b-4f8a-9344-3210e5c02b65,1,0.5689562084734944
combined_unweighted,north_calabria,380a008b-755b-499f-b0cb-905f79a86106,0,0.1859265900950908
combined_unweighted,north_calabria,3af5b248-6783-4142-b9c2-9e1ce8b9fba7,1,0.7798044336913755
combined_unweighted,north_calabria,3c83ff0e-8a32-46ff-96b7-eb031d477178,1,0.9664330139607679
combined_unweighted,north_calabria,3cecd09e-14e4-4291-92f0-929f6d8f09e6,1,0.4674804709097157
combined_unweighted,north_calabria,3dddcf51-365c-4ab4-b911-1ea05f2fa911,1,0.6225240109781393
combined_unweighted,north_calabria,3f325802-20ec-46e8-b0be-fc65ce515648,1,0.9843461077414392
combined_unweighted,north_calabria,40292ea6-7755-4f97-8e8c-9346562dc6e7,1,0.9550575463867694
combined_unweighted,north_calabria,41721387-75f4-40cd-ae48-ee1cf3f90d92,1,0.9951224582734457
combined_unweighted,north_calabria,4351489a-9018-4259-b4bc-346c31c18754,1,0.7701057911939314
combined_unweighted,north_calabria,43f09e2d-95e5-47f6-8f2a-88f367506cfb,1,0.9458387435336353
combined_unweighted,north_calabria,44aa22d9-54e4-4ac9-b75b-64ddaccdfc5c,1,0.9748296781671147
combined_unweighted,north_calabria,4518b2a7-3341-40d5-8b93-720efe4f5af7,1,0.9694247619434448
combined_unweighted,north_calabria,466946c4-5b48-4854-8863-f240946db251,1,0.5542892329700072
combined_unweighted,north_calabria,47069a53-e55c-4ff5-8e61-a0da4949e717,1,0.04726621795186307
combined_unweighted,north_calabria,47d546f6-c454-492a-9571-8c0e8643d68c,0,0.5520072601177748
combined_unweighted,north_calabria,4947de30-f503-4058-9db3-e74e33aaf7b6,0,0.8839071125964844
combined_unweighted,north_calabria,49d298d1-8946-4ed9-b400-c13295ce0a06,1,0.9703158817096309
combined_unweighted,north_calabria,4b0713bc-bcbb-4c1d-bbb2-25771826c156,0,0.5331682906283792
combined_unweighted,north_calabria,4b48dc69-2361-49b7-a1be-93f05a6feed0,1,0.9750064660564424
combined_unweighted,north_calabria,4b5b5951-5f78-4e4c-a3f7-8957955eb401,1,0.9993609361030186
combined_unweighted,north_calabria,4c3544d7-edfd-4ef2-96d3-08fd57b82df2,1,0.9483220328625586
combined_unweighted,north_calabria,4d3d8189-846d-4636-9f95-4da9ea3ddaf3,1,0.9897517707504192
combined_unweighted,north_calabria,5037df75-c1a7-443e-8d0e-359cb7e0dea2,0,0.006407986713047775
combined_unweighted,north_calabria,522b3ace-ffbc-4189-855c-4e38f7e1c0e8,1,0.5388707066244739
combined_unweighted,north_calabria,528b5405-4d84-4bd9-bbfe-3c214f061701,0,0.3458515416494377
combined_unweighted,north_calabria,52abf8a6-edc5-4dbd-9cb5-e2342c03a182,0,0.2528983008269882
combined_unweighted,north_calabria,540db45a-6e4f-41bc-b43e-74cc6671dcf7,1,0.7760626185137847
combined_unweighted,north_calabria,540e37ec-4c18-488a-8ff9-b27792319dea,1,0.8682528968448251
combined_unweighted,north_calabria,57429120-2943-47e3-b537-51a53a80bd7e,0,0.9368129373690088
combined_unweighted,north_calabria,5767a739-1a36-480b-91b5-33560f263ecb,1,0.5937651218774784
combined_unweighted,north_calabria,57dd2517-feb6-4320-9be4-07cfcbe88788,1,0.9937101841233184
combined_unweighted,north_calabria,58397a42-9e87-4e0f-911e-3e07dd5e286b,1,0.9701682996774831
combined_unweighted,north_calabria,5a443163-b947-4d8b-abb8-607c3de64f65,1,0.933587589352267
combined_unweighted,north_calabria,5d2da25a-6e59-40ec-8683-eddfc2c8593e,0,0.7853158254313337
combined_unweighted,north_calabria,5ef514b7-16ef-4dfa-93f4-cb95921e4bad,0,0.6741795904110418
combined_unweighted,north_calabria,5fb33722-941e-4414-b660-41dae7c799d0,1,0.8035459983951996
combined_unweighted,north_calabria,6010f5ea-4e98-4b6c-89cf-795a2972d572,1,0.9385995860471216
combined_unweighted,north_calabria,616aa639-ebe0-47d0-953e-f93292e7e6a4,1,0.9091386569302526
combined_unweighted,north_calabria,61f3e2a3-ff74-417f-a5f7-34f41ecb92b7,1,0.7914895183169108
combined_unweighted,north_calabria,62504f68-5101-45dd-b089-a689bd5a8f39,0,0.26086811798499804
combined_unweighted,north_calabria,628b71bd-3e00-4674-91a5-83d029a5dc6c,1,0.9289277074961155
combined_unweighted,north_calabria,6290bcc7-8822-4fbd-9a3e-359c48042e43,1,0.5163806341011646
combined_unweighted,north_calabria,62c0e54f-a75c-4336-9b09-22a85271ce7a,1,0.9928897319147777
combined_unweighted,north_calabria,6361a398-edfb-44d8-87d0-890e5831efe8,1,0.95355827722572
combined_unweighted,north_calabria,654ca8d8-8f8c-4145-867b-f9b1fbb9a800,1,0.8716009652997148
combined_unweighted,north_calabria,65b4abd5-f277-42dd-84b5-a21aba38ce6a,1,0.5630118152181307
combined_unweighted,north_calabria,65f57ee2-d28a-4c9d-8b22-39209787915b,1,0.6929228382327209
combined_unweighted,north_calabria,66144fe3-4232-4714-9dff-c46f5e3c099e,1,0.046260873730236955
combined_unweighted,north_calabria,666d1cf0-b4b4-42a3-90a5-b81e71c94f32,1,0.44519118571993455
combined_unweighted,north_calabria,6785a1e4-2104-4586-88ac-308cc9e13c1f,0,0.6481226794183333
combined_unweighted,north_calabria,683d1bde-a5c3-4a38-b531-b65a186db838,0,0.029980969075992178
combined_unweighted,north_calabria,6851ed58-e41f-41ef-ac05-4bd21e647e0e,1,0.7437153770728148
combined_unweighted,north_calabria,69ccee85-078f-42d2-8f2e-ed32086741c3,0,0.707070314674651
combined_unweighted,north_calabria,6c5bf88a-b372-4589-9759-765268d97cc5,1,0.780242840699107
combined_unweighted,north_calabria,6c5d511f-9f02-476b-a1c0-7927da590e7f,1,0.8446752425452296
combined_unweighted,north_calabria,6f9d8733-b651-4876-bc56-2e695e15f180,1,0.8847805988048014
combined_unweighted,north_calabria,703c3196-cb73-449b-a423-74c7b3269604,0,0.2323610728350699
combined_unweighted,north_calabria,70595d37-a931-4a8f-876d-5e9b17e31b19,1,0.9766165736296992
combined_unweighted,north_calabria,708f42b5-7ca0-48b3-afae-cecfa0bc8baf,1,0.6567245208943008
combined_unweighted,north_calabria,70adbf10-18c8-4c4f-b143-0d1be2aa2733,0,0.020303718154142746
combined_unweighted,north_calabria,70f5b4ba-f5f3-4a78-98eb-1afd97217566,1,0.7947180668075012
combined_unweighted,north_calabria,71b30008-50e2-4e98-bde7-b64ef5bf8c5a,1,0.9416891464100217
combined_unweighted,north_calabria,726a1946-8152-406e-8e36-9d73a3ed0371,0,0.7161261132009166
combined_unweighted,north_calabria,7450549a-5f95-4b9b-b230-e953fd447591,1,0.3172494688821991
combined_unweighted,north_calabria,766bfa3d-19b3-48c3-8b26-ec93967da0d7,1,0.7211224982142307
combined_unweighted,north_calabria,7852a9e9-3a5a-474e-ac44-f258f111a45e,1,0.5952164128389182
combined_unweighted,north_calabria,78c51236-c752-44bd-a650-1218f7d427b2,1,0.6519825217732068
combined_unweighted,north_calabria,78fa3fea-5372-412a-bf86-17f0caf22d17,1,0.9802386366931714
combined_unweighted,north_calabria,7c1f2d99-8673-4904-a5d2-054f03ea9cb5,0,0.9447528202785864
combined_unweighted,north_calabria,7f8bee06-88a0-4032-b52d-599d865dc959,1,0.7024603570468535
combined_unweighted,north_calabria,802e9b17-1386-4f77-ae08-c78923d88f86,1,0.942336208122087
combined_unweighted,north_calabria,842cf29f-b5d8-44c5-a76b-60586d361512,0,0.3674859428975678
combined_unweighted,north_calabria,84c4cf6a-2dc4-4be8-a64d-a699c74b54ef,1,0.9437964585727385
combined_unweighted,north_calabria,859f7ff4-4b97-4522-959c-7a7e9f9ea8ba,0,0.8103812813420098
combined_unweighted,north_calabria,865c847a-2cd3-46f5-b780-51206cb56a7b,0,0.04133455342349094
combined_unweighted,north_calabria,877127cc-cf5c-4e77-bb6f-6cd92c61a6ab,1,0.9798455045633663
combined_unweighted,north_calabria,8afdfe88-df3a-4cf3-a620-0d88824cad1a,1,0.7329177820848322
combined_unweighted,north_calabria,8dd720ca-7ef2-4a42-a907-9e50e3a89b78,1,0.8097917206989685
combined_unweighted,north_calabria,8e7518fc-9c42-4ea5-9c23-753ab43da34d,1,0.7499325203916566
combined_unweighted,north_calabria,8fa153fe-f2c9-4636-91d8-e695b8b2ce5e,1,0.9802795159656621
combined_unweighted,north_calabria,8fcad545-f67c-4444-868f-222152578be1,0,0.27982770728080025
combined_unweighted,north_calabria,91559072-f10a-4fb0-a920-35da4cb5cbe3,1,0.7765414763509187
combined_unweighted,north_calabria,93885e13-ec14-44b5-bdae-9390be5f4219,1,0.6844702463664365
combined_unweighted,north_calabria,957e4b55-0826-41e9-85d2-a9c01aa7e40e,1,0.8309693217639278
combined_unweighted,north_calabria,9695e0c3-7854-48f0-b91b-de4170c89121,1,0.9772072916730432
combined_unweighted,north_calabria,96c7776e-f064-427f-9235-64aad9297372,1,0.7904131799860634
combined_unweighted,north_calabria,96e7867e-b736-4eb0-ab3b-2c940d9f915e,0,0.04730725230267266
combined_unweighted,north_calabria,979178c7-02ee-47cf-a7d6-209464f6e28c,1,0.9693360987102709
combined_unweighted,north_calabria,99244ff7-3f7a-453f-a95c-cfc3642d8512,1,0.5820028856053421
combined_unweighted,north_calabria,9973e792-6cfb-4fc4-ae5b-77ed77e28a23,1,0.45015256101689244
combined_unweighted,north_calabria,9a08f338-717e-4938-bcbf-972731607099,1,0.8080308921006194
combined_unweighted,north_calabria,9a9db2db-6424-43d2-8505-3cc1848e2f93,1,0.9983141532680966
combined_unweighted,north_calabria,9c7a7513-57ee-475c-8dfe-8d191346776e,1,0.9906422292130878
combined_unweighted,north_calabria,9cc9f9c8-580c-4d62-815a-52c317f78356,1,0.9255711189875773
combined_unweighted,north_calabria,9f2bd7ed-ff83-47ac-bfe8-d6ee9881caf9,1,0.9607644197159851
combined_unweighted,north_calabria,9f52ef20-43a0-4317-8261-106c60401b46,1,0.9674580844980334
combined_unweighted,north_calabria,9f631d74-d0b1-46f3-9263-cfaeef2a39d9,1,0.9639448294966967
combined_unweighted,north_calabria,9f80206c-2d6c-4c7c-8617-04b871e9d633,0,0.618253353872532
combined_unweighted,north_calabria,9fa83047-2f86-4b8c-8783-d1c70254335f,1,0.8927801353650877
combined_unweighted,north_calabria,a1224f1a-2282-414e-ad9c-0e196da6ed65,1,0.9909858277740023
combined_unweighted,north_calabria,a131c4aa-d996-4566-900b-2010212c1534,1,0.40650164850148085
combined_unweighted,north_calabria,a29a8a51-5e67-429c-b788-179ef6e8621d,1,0.9880959527332839
combined_unweighted,north_calabria,a32fa40f-1ea0-4454-940c-f0dd8d1d6c39,1,0.9710047214449581
combined_unweighted,north_calabria,a72b1053-9fe7-4ef1-b39d-cbc70448fe9b,1,0.6867265891880767
combined_unweighted,north_calabria,a8f35e4c-f66e-4b7f-85a5-717cef058ee5,1,0.9601486383696255
combined_unweighted,north_calabria,a94547ee-1f33-4fb7-844b-410d7eaa72ef,0,0.6868533033996252
combined_unweighted,north_calabria,aa40a674-2e73-4f9e-a95a-a33774a44093,1,0.8649930710531364
combined_unweighted,north_calabria,aa69dc98-9130-4971-ae9b-91fb5718e3dc,0,0.9568004394096135
combined_unweighted,north_calabria,aa873def-de9a-4c48-9bd9-dbcc64c3d434,1,0.916453776061225
combined_unweighted,north_calabria,aafefe00-0ac4-45e8-9968-f0ff9448e0f2,1,0.47908956393468627
combined_unweighted,north_calabria,ab616ee7-1423-470e-8ec2-0e6096518011,1,0.8226889668704097
combined_unweighted,north_calabria,acf6f595-5139-4b76-ab28-b5a864e0f41f,1,0.7877916503949339
combined_unweighted,north_calabria,ad4c6519-5da8-4b7b-a7c4-f54463229092,1,0.9302075034713342
combined_unweighted,north_calabria,afdc270f-1f2f-4cd2-9bf9-ef5d6356b109,0,0.006821205390277774
combined_unweighted,north_calabria,aff9b927-4df9-4db5-a7d8-204282dc0442,0,0.7839911340998197
combined_unweighted,north_calabria,b0e1c106-ec2e-416f-a65b-08a4124a0769,1,0.979297160028646
combined_unweighted,north_calabria,b1789587-5b2f-4183-8766-1ff749d9f4e0,1,0.7356509264689336
combined_unweighted,north_calabria,b26a3a0b-2742-45b7-8cf7-94457d227e98,1,0.7742202628351241
combined_unweighted,north_calabria,b2c8612f-91d2-46fc-9074-133c2c48c499,1,0.9152525693314691
combined_unweighted,north_calabria,b34c8637-c05a-4874-b100-e5678bfa61fc,1,0.9908879350698016
combined_unweighted,north_calabria,b429426c-78e9-4195-8107-28ac93dc95ef,0,0.9487475331042433
combined_unweighted,north_calabria,b5384a2e-fe82-4fcf-a7df-032c096860ee,0,0.4765177987219288
combined_unweighted,north_calabria,b59afa5f-8122-4850-87a0-7e123a951688,0,0.10820647424304712
combined_unweighted,north_calabria,b610ec08-6416-4812-9e6b-1fbb2b84b6e3,1,0.9852149068324629
combined_unweighted,north_calabria,b62a8fc4-17bc-4b90-abe6-975e87963dc6,1,0.9041124332063929
combined_unweighted,north_calabria,b63e283a-af95-43c2-9658-00391011628d,1,0.976948344078266
combined_unweighted,north_calabria,b76c53ef-8cba-4f1d-b58e-9f9cfe600ae0,1,0.9004472737233427
combined_unweighted,north_calabria,b8d127d2-b0e8-4647-974a-043fb45bd0bb,0,0.9168183977012656
combined_unweighted,north_calabria,b95ca791-e41f-48c7-be35-7a3fcd83a366,1,0.9985112558313813
combined_unweighted,north_calabria,ba24e946-3224-458f-bfcc-73c50116aff7,1,0.9202985305429388
combined_unweighted,north_calabria,ba491d00-0443-433e-9794-47c5a2d9b298,1,0.7244973342807748
combined_unweighted,north_calabria,bb47584f-0e12-4ef7-a19b-4d232e72b7e9,0,0.8883134887388242
combined_unweighted,north_calabria,bc39d7aa-5747-447a-95d0-39dca5b36829,1,0.8644112216817192
combined_unweighted,north_calabria,bc3c4e4c-5bd4-4752-9499-cef599ca7fc3,1,0.9360246284273693
combined_unweighted,north_calabria,bcc12f4c-190e-4aae-a69a-007cc8c3f423,1,0.6551586666302979
combined_unweighted,north_calabria,bd84daa4-bb3c-4a5e-9182-1f14224b9e30,1,0.6609540146764098
combined_unweighted,north_calabria,be4b9101-295d-4067-a7fa-c376e4967524,1,0.840745777218622
combined_unweighted,north_calabria,bef24b6d-8fca-4974-b35c-a6fb15e0ee02,1,0.9690344613217021
combined_unweighted,north_calabria,bf430b5f-dec6-4c64-a93e-a3f994f67a19,1,0.9888552467227454
combined_unweighted,north_calabria,bfdd5d20-8bdc-42ad-8dde-ffb9800c4852,1,0.7033503990275508
combined_unweighted,north_calabria,c05b1454-43e1-4df2-b82a-8333613732d9,0,0.30845201491324237
combined_unweighted,north_calabria,c10a885b-8af8-4f83-8593-7b96b5841ffd,1,0.9930823096570405
combined_unweighted,north_calabria,c25e2445-db4b-415e-9d06-9651e5511705,1,0.7811756129488592
combined_unweighted,north_calabria,c3c90121-6715-42c6-90f0-991cef731f26,0,0.2308814219140724
combined_unweighted,north_calabria,c6773848-af01-47ee-89f2-5aea394ef2df,1,0.9945210181788444
combined_unweighted,north_calabria,c72941a3-dc5f-4bd2-b83c-821ad895b90d,1,0.963644660886655
combined_unweighted,north_calabria,c7ca7365-b7b5-4244-b8d6-eef45842dee4,0,0.529556002484296
combined_unweighted,north_calabria,c821c208-d055-4990-b43e-a02a7e7c95b3,1,0.24092710089053423
combined_unweighted,north_calabria,c880448d-4946-4792-8f22-15bdc72d4224,1,0.8413518046805143
combined_unweighted,north_calabria,c89ce338-60b3-40e1-a14d-f118aa9b949c,1,0.7655003430179661
combined_unweighted,north_calabria,cca25d56-750b-475a-833d-a8be0d425c2a,1,0.9712465127911402
combined_unweighted,north_calabria,cd3ec7df-fced-4dfb-ad06-094c65770782,1,0.8289303927819531
combined_unweighted,north_calabria,cd7618b2-e0c3-4e36-84d0-bab75b172a09,0,0.8341490118314995
combined_unweighted,north_calabria,ce1d4a2a-5f31-4ac0-a2b6-91a606ddd2b1,1,0.723918622053892
combined_unweighted,north_calabria,ce3b116f-a84a-43d0-8b26-6986d001c4a6,1,0.13581340999117048
combined_unweighted,north_calabria,d00f4b52-dd1a-4a88-ab34-433baf10e6bc,1,0.9829248962041996
combined_unweighted,north_calabria,d07199dd-43a6-4336-8eb9-156d48417701,1,0.8442908327929384
combined_unweighted,north_calabria,d11166b9-8885-4dfe-a3a6-f12852fe41ba,0,0.7403940435222497
combined_unweighted,north_calabria,d194620e-7f10-4163-b055-c5861c64427c,1,0.925068106122042
combined_unweighted,north_calabria,d2383140-0843-4e07-b70c-f4accc9159a7,0,0.7549413667180553
combined_unweighted,north_calabria,d23e6bcd-12be-4847-ae22-835bacf10787,1,0.83171050319594
combined_unweighted,north_calabria,d3477389-7d24-4796-ac3c-0deba52b5dd1,1,0.9660189129877994
combined_unweighted,north_calabria,d4a2bba7-2777-47df-8d2c-5cf093093e9e,1,0.9978825309822003
combined_unweighted,north_calabria,d50cdff3-1ac0-46ba-a31f-b45eca251ed2,1,0.6962231690697395
combined_unweighted,north_calabria,d580fabe-7af8-4733-bda7-a855966d163e,0,0.8265594185279493
combined_unweighted,north_calabria,d640aa56-1b42-4a72-9335-7b5b23c6cf82,1,0.5283290839369144
combined_unweighted,north_calabria,d66eb470-eaee-45a7-b109-29fdfd333c61,1,0.9801698937425203
combined_unweighted,north_calabria,d67caef6-700f-4655-93fc-85bdcf49694a,1,0.484948455297918
combined_unweighted,north_calabria,d6996345-a922-452a-9c41-636c696864e0,1,0.7359729824045338
combined_unweighted,north_calabria,d6fb84e3-b184-4417-b140-23637d276e71,1,0.980344810208617
combined_unweighted,north_calabria,d7d5c207-c390-4ca1-a593-8896d60af80d,1,0.950488894647947
combined_unweighted,north_calabria,d94001e3-f949-4b70-b12f-8250fae9236d,1,0.7160751550753027
combined_unweighted,north_calabria,d96ed53d-8b4b-45b3-b436-9ab24b3bcb29,1,0.9427509867758249
combined_unweighted,north_calabria,dc0ee0db-fbd2-4f3f-9f44-eb7e9e635af2,1,0.9633084138967838
combined_unweighted,north_calabria,dc930272-b3e9-4d3b-8cf5-8d8b471de1bb,1,0.606608486109091
combined_unweighted,north_calabria,de47aae7-2161-485e-b5f8-244d040e6bf5,1,0.683678301866669
combined_unweighted,north_calabria,e0c72bc8-feef-4e3f-83db-74909b340a55,1,0.8802144200079366
combined_unweighted,north_calabria,e219b958-05d2-498a-850a-3f055f1f3c57,0,0.7881054971981641
combined_unweighted,north_calabria,e383adfd-6a9f-4360-a0ea-c40669b68b8c,1,0.6292458495234526
combined_unweighted,north_calabria,e385fb32-0936-4167-a3c0-34158f90c289,1,0.9960547640298698
combined_unweighted,north_calabria,e46727bc-af30-4386-a1b3-722be9bd7972,1,0.2376671534431087
combined_unweighted,north_calabria,e7cf290a-c0a9-4445-a655-beaf8c58141f,1,0.9180261275363493
combined_unweighted,north_calabria,eb6674e7-c655-48dd-b200-7f58d3ce2b9e,1,0.881668456443125
combined_unweighted,north_calabria,ecec9225-22ec-4738-b0f5-a8031439cee2,0,0.44034837848092023
combined_unweighted,north_calabria,ee661ac0-e1b6-47d3-87ec-f86f7a6cc806,0,0.591087516851645
combined_unweighted,north_calabria,ef1b2d1d-08ae-4d39-8e19-897bcc66e9bd,0,0.20291675913236404
combined_unweighted,north_calabria,ef355117-1784-4646-8889-84be3f43b197,0,0.47602678238827534
combined_unweighted,north_calabria,efc35763-b4fd-499f-8ede-a7a97c0abe44,1,0.9915581903288783
combined_unweighted,north_calabria,f0389b55-898a-43ac-ad18-89d9c96b443e,1,0.7228346347629231
combined_unweighted,north_calabria,f03ebfdd-7cf1-40d0-8f06-40a87fb7e37e,1,0.824678541489774
combined_unweighted,north_calabria,f0b7311b-9105-4887-b0a7-ea6782153bf1,1,0.881702800132726
combined_unweighted,north_calabria,f17f4011-1117-4400-bebc-d1e52e454c42,1,0.46977170232021687
combined_unweighted,north_calabria,f2c013ae-0e7c-4c72-be43-6bf679a6466c,0,0.5462841444441079
combined_unweighted,north_calabria,f2d9b38a-668a-45b5-ac3d-211789791177,1,0.7524842292014748
combined_unweighted,north_calabria,f4a59980-311d-420c-8b0f-03cf981eef29,1,0.8763783056654193
combined_unweighted,north_calabria,f547f146-4f35-4210-8586-3b2beaf81c91,1,0.4383051499158077
combined_unweighted,north_calabria,f5d86fe6-a377-4662-8f14-3bd8af2f89c7,1,0.695209286534749
combined_unweighted,north_calabria,f5e5405b-f597-49bc-b637-55a01e6ffb1c,1,0.993959770331018
combined_unweighted,north_calabria,f64a6be1-9f15-4d73-9312-68e5bdbdbaa3,1,0.9236631481124786
combined_unweighted,north_calabria,f6c4d039-3988-45e6-9dc3-ac217589d3ad,1,0.9950501711185197
combined_unweighted,north_calabria,f6fa973e-5556-4747-9eda-8d06b220a4c3,1,0.9591783556881985
combined_unweighted,north_calabria,f73ebccc-8d45-4b85-9c05-0054797b49cf,1,0.7678962002261465
combined_unweighted,north_calabria,f74340c1-e9c0-4ca8-bba7-23dc781ba445,0,0.13293180879975383
combined_unweighted,north_calabria,f7d8cb46-3200-420a-bf30-a1d79e8cd8c1,1,0.7889142758970038
combined_unweighted,north_calabria,fa5d6b92-589f-481c-90a4-e9ead4701bf9,1,0.9582560749788451
combined_unweighted,north_calabria,fa68a229-21b9-4fc5-b637-77d1bc914ba9,1,0.8844863460254694
combined_unweighted,north_calabria,fb66c21b-51dd-4070-8a85-beb5ac43ee67,1,0.8533852950650255
combined_unweighted,north_calabria,fbc95eca-e780-49e2-9135-a07bfe4a75a7,0,0.9611017536108583
combined_unweighted,north_calabria,fc35308f-5965-4589-b9eb-df4515261f48,1,0.8578096541974839
combined_unweighted,north_calabria,fc593a03-e948-466a-afb7-5dcbdfebba29,1,0.6465785282337821
combined_unweighted,north_calabria,fca36657-c68b-4dcc-9f7b-7ade95d71b27,1,0.9195241709185765
combined_unweighted,north_calabria,fd3319c8-a309-4069-8462-ee3042def336,1,0.8380083928770764
combined_unweighted,north_calabria,fe45959a-5ccc-43cd-8250-128ab0bb32d5,1,0.7809228720548319
combined_unweighted,north_calabria,fe6a8187-c57c-43bc-960d-c41ca547bde7,1,0.9953126525120664
combined_unweighted,north_calabria,fe98d1d6-4510-4949-8ebf-5b9be631b077,1,0.9604182021302688
combined_unweighted,north_calabria,ff24a594-7284-4fff-8911-b7ab9f68bfb0,1,0.7995605080368967
combined_unweighted,south_calabria,0265799f-033d-4f8f-b128-73273183574b,0,0.45187242417104
combined_unweighted,south_calabria,08366a19-b37b-465d-bde3-e6db3b02da99,1,0.7829461153552875
combined_unweighted,south_calabria,0ce42e15-7610-4c07-93ab-196599648b1c,0,0.5978831958273472
combined_unweighted,south_calabria,12b6180d-8658-475c-aa42-d625675fe821,0,0.4953108165120954
combined_unweighted,south_calabria,1798faf7-64d0-43a6-af40-afc3b261419c,1,0.9363475485113383
combined_unweighted,south_calabria,21e256cc-0696-454f-a6f9-1002dca171d1,1,0.9745442765782858
combined_unweighted,south_calabria,2414161d-5772-42b3-9636-8e5558d985f2,0,0.9227564874807505
combined_unweighted,south_calabria,2601d7fa-8731-4d9a-9d7a-5e6acf047687,1,0.93111711856581
combined_unweighted,south_calabria,29a6b1ed-7f6b-4df2-a13f-9d53daa4a49e,1,0.954173549505643
combined_unweighted,south_calabria,328836a8-9f62-4cad-9f37-9b5731177279,1,0.9924676640226818
combined_unweighted,south_calabria,37499c57-799b-407f-8533-dacd612d339d,1,0.891718277046836
combined_unweighted,south_calabria,3dbe93ca-70dd-4611-a34f-9d80e27a636a,0,0.891102679863095
combined_unweighted,south_calabria,41853a20-633c-43ee-9d60-18d8803c09ba,0,0.4555454199538146
combined_unweighted,south_calabria,445906b8-9da2-44ec-82dd-e264d6e060de,1,0.8809004465248573
combined_unweighted,south_calabria,4854bcbc-b691-4c26-8ea2-427e2555da38,1,0.9291637733789059
combined_unweighted,south_calabria,48ea0a34-f761-4e5c-8594-20254bb45239,1,0.9710088256128487
combined_unweighted,south_calabria,4e97640b-dcc7-4220-ba74-b335ee19b7e7,0,0.6868570665717088
combined_unweighted,south_calabria,4fa67ebf-9b3f-4f7c-aef8-4906111b2950,1,0.9758710151931539
combined_unweighted,south_calabria,51ddaeba-bcb5-4ba1-9555-294b3e47229d,1,0.9645754565134268
combined_unweighted,south_calabria,5e582a71-2639-4fd9-9e4f-d6bee4944d5a,1,0.759604240369007
combined_unweighted,south_calabria,6a9bba3d-26a1-41ab-9a75-6591f1a2f304,1,0.9725813899720762
combined_unweighted,south_calabria,6ca904bf-1821-4dc8-878d-1bbefe10387a,1,0.8247551701051998
combined_unweighted,south_calabria,704ada79-3add-4f92-8154-bf059d1616f9,1,0.9083652316298126
combined_unweighted,south_calabria,719c17be-1fe1-49cf-9a9e-8cf0e5fb4fa3,1,0.7913733306889742
combined_unweighted,south_calabria,72a4e182-4e40-47af-b73b-dc29411cf8e9,1,0.9731124706499907
combined_unweighted,south_calabria,73752309-9a70-4ee7-9cc1-d8bd33330ede,1,0.8266849724159219
combined_unweighted,south_calabria,8990bcdb-4f6f-45a1-a206-d8e0dca436f4,0,0.486985954503011
combined_unweighted,south_calabria,8f4f4186-b95a-4b02-b877-169bed0d37eb,1,0.9479620832973322
combined_unweighted,south_calabria,96969f64-f510-4f61-be7b-02fd48ec8f62,0,0.8412940873965797
combined_unweighted,south_calabria,96b2c730-6a7f-462f-901a-6193f23d6dd3,1,0.9439730174334207
combined_unweighted,south_calabria,9a532a00-2a28-42ae-8848-fd05412e9800,1,0.9057154725256509
combined_unweighted,south_calabria,9e64ceeb-8a77-4d98-b02f-62e4ed18d5bb,0,0.9199458103814616
combined_unweighted,south_calabria,a71f3906-d07f-4b34-bca5-4eb5fd61256c,1,0.9632218051673853
combined_unweighted,south_calabria,aa973cbf-933d-4f92-a0bd-556eb41274b5,0,0.9231058897869681
combined_unweighted,south_calabria,acff0d3f-94b2-4f7d-a01f-7365a0d9c2ba,1,0.9107713087280487
combined_unweighted,south_calabria,b4ebfa59-660d-41d9-b44d-8f35d353c8c4,1,0.9784329698876194
combined_unweighted,south_calabria,b562c8ba-78e2-4961-94f2-ba1751235f26,0,0.22795595426309634
combined_unweighted,south_calabria,bac558ba-1b7b-45b8-8b7c-051aa1b8d731,1,0.8556056676357776
combined_unweighted,south_calabria,c8004074-d794-4937-8a51-7d4df78c55be,1,0.9611729062585718
combined_unweighted,south_calabria,d2f24500-65cd-42f0-80a5-c2ea866bd9de,1,0.9222539003191376
combined_unweighted,south_calabria,dd59b1a1-96b9-424a-9f3d-48d56dd4fb7e,1,0.9310291350079765
combined_unweighted,south_calabria,e0e94705-5261-4a27-a95b-458eb087231d,1,0.9576564944494806
combined_unweighted,south_calabria,e5d216dc-f861-4914-b410-6918a6e5d0f7,0,0.47344591346692744
combined_unweighted,south_calabria,e61f659a-e5e0-4c12-b9d3-44626980afe7,0,0.738291265120023
combined_unweighted,south_calabria,eb975401-cb68-420d-97ae-0c6174d7ca47,1,0.9604741938828252
combined_unweighted,south_calabria,ee92ad4f-5c0a-4143-8a89-d881e09b6a55,1,0.9927856962939207
combined_unweighted,south_calabria,f58490a2-7378-4d59-a9a4-bdb9fbb53799,1,0.6371969676344801
combined_unweighted,south_calabria,f8f7c51a-bfa8-4451-ad86-2e563151aadd,1,0.9286174496623821
